{"user_id": "sgNYKOo1T5RhPdiYlxw5SS5Fhkn2", "group": "system", "action": "user_login_attempt", "timestamp": "2025-11-16T23:19:08.479798+00:00", "details": {"email": "douradonis@hotmail.com"}}
{"user_id": "sgNYKOo1T5RhPdiYlxw5SS5Fhkn2", "group": "system", "action": "user_logged_in", "timestamp": "2025-11-16T23:19:08.585615+00:00", "details": {"email": "douradonis@hotmail.com"}}
{"user_id": "sgNYKOo1T5RhPdiYlxw5SS5Fhkn2", "group": "system", "action": "user_login_attempt", "timestamp": "2025-11-16T23:21:44.009679+00:00", "details": {"email": "douradonis@hotmail.com"}}
{"user_id": "sgNYKOo1T5RhPdiYlxw5SS5Fhkn2", "group": "system", "action": "user_logged_in", "timestamp": "2025-11-16T23:21:44.105223+00:00", "details": {"email": "douradonis@hotmail.com"}}
{"user_id": "sgNYKOo1T5RhPdiYlxw5SS5Fhkn2", "group": "system", "action": "user_login_attempt", "timestamp": "2025-11-16T23:23:04.908447+00:00", "details": {"email": "douradonis@hotmail.com"}}
{"user_id": "sgNYKOo1T5RhPdiYlxw5SS5Fhkn2", "group": "system", "action": "user_logged_in", "timestamp": "2025-11-16T23:23:04.969123+00:00", "details": {"email": "douradonis@hotmail.com"}}
{"user_id": "sgNYKOo1T5RhPdiYlxw5SS5Fhkn2", "group": "system", "action": "user_login_attempt", "timestamp": "2025-11-16T23:25:26.122393+00:00", "details": {"email": "douradonis@hotmail.com"}}
{"user_id": "sgNYKOo1T5RhPdiYlxw5SS5Fhkn2", "group": "system", "action": "user_logged_in", "timestamp": "2025-11-16T23:25:26.197424+00:00", "details": {"email": "douradonis@hotmail.com"}}
{"user_id": "zQKhm9MwCZeSLDDFT8T0ODdSKrf2", "group": "system", "action": "user_login_attempt", "timestamp": "2025-11-16T23:29:54.795571+00:00", "details": {"email": "adonis.douramanis@gmail.com"}}
{"user_id": "zQKhm9MwCZeSLDDFT8T0ODdSKrf2", "group": "system", "action": "user_logged_in", "timestamp": "2025-11-16T23:29:54.954886+00:00", "details": {"email": "adonis.douramanis@gmail.com"}}
{"user_id": "zQKhm9MwCZeSLDDFT8T0ODdSKrf2", "group": "system", "action": "user_login_attempt", "timestamp": "2025-11-17T07:51:32.196601+00:00", "details": {"email": "adonis.douramanis@gmail.com"}}
{"user_id": "zQKhm9MwCZeSLDDFT8T0ODdSKrf2", "group": "system", "action": "user_logged_in", "timestamp": "2025-11-17T07:51:32.260128+00:00", "details": {"email": "adonis.douramanis@gmail.com"}}
{"user_id": "zQKhm9MwCZeSLDDFT8T0ODdSKrf2", "group": "system", "action": "user_login_attempt", "timestamp": "2025-11-17T14:22:00.284216+00:00", "details": {"email": "adonis.douramanis@gmail.com"}}
{"user_id": "zQKhm9MwCZeSLDDFT8T0ODdSKrf2", "group": "system", "action": "user_logged_in", "timestamp": "2025-11-17T14:22:00.336431+00:00", "details": {"email": "adonis.douramanis@gmail.com"}}
{"user_id": "zQKhm9MwCZeSLDDFT8T0ODdSKrf2", "group": "system", "action": "user_login_attempt", "timestamp": "2025-11-17T15:43:17.964666+00:00", "details": {"email": "adonis.douramanis@gmail.com"}}
{"user_id": "zQKhm9MwCZeSLDDFT8T0ODdSKrf2", "group": "system", "action": "user_logged_in", "timestamp": "2025-11-17T15:43:18.012100+00:00", "details": {"email": "adonis.douramanis@gmail.com"}}
{"user_id": "I3J5X7TxALO5kII0rDd4CRwsSHp2", "group": "system", "action": "user_registered", "timestamp": "2025-11-17T15:53:43.320775+00:00", "details": {"email": "douradonis@hotmail.com"}}
{"user_id": "I3J5X7TxALO5kII0rDd4CRwsSHp2", "group": "system", "action": "user_signup_complete", "timestamp": "2025-11-17T15:53:43.361324+00:00", "details": {"email": "douradonis@hotmail.com"}}
{"user_id": "I3J5X7TxALO5kII0rDd4CRwsSHp2", "group": "system", "action": "user_login_attempt", "timestamp": "2025-11-17T15:53:49.244073+00:00", "details": {"email": "douradonis@hotmail.com"}}
{"user_id": "I3J5X7TxALO5kII0rDd4CRwsSHp2", "group": "system", "action": "user_logged_in", "timestamp": "2025-11-17T15:53:49.301221+00:00", "details": {"email": "douradonis@hotmail.com"}}
{"user_id": "zQKhm9MwCZeSLDDFT8T0ODdSKrf2", "group": "system", "action": "user_login_attempt", "timestamp": "2025-11-17T15:54:27.600059+00:00", "details": {"email": "adonis.douramanis@gmail.com"}}
{"user_id": "zQKhm9MwCZeSLDDFT8T0ODdSKrf2", "group": "system", "action": "user_logged_in", "timestamp": "2025-11-17T15:54:27.649520+00:00", "details": {"email": "adonis.douramanis@gmail.com"}}
{"user_id": "I3J5X7TxALO5kII0rDd4CRwsSHp2", "group": "system", "action": "user_login_attempt", "timestamp": "2025-11-17T15:56:05.647661+00:00", "details": {"email": "douradonis@hotmail.com"}}
{"user_id": "I3J5X7TxALO5kII0rDd4CRwsSHp2", "group": "system", "action": "user_logged_in", "timestamp": "2025-11-17T15:56:05.690865+00:00", "details": {"email": "douradonis@hotmail.com"}}
{"user_id": "I3J5X7TxALO5kII0rDd4CRwsSHp2", "group": "system", "action": "user_login_attempt", "timestamp": "2025-11-17T15:58:36.022410+00:00", "details": {"email": "douradonis@hotmail.com"}}
{"user_id": "I3J5X7TxALO5kII0rDd4CRwsSHp2", "group": "system", "action": "user_logged_in", "timestamp": "2025-11-17T15:58:36.060352+00:00", "details": {"email": "douradonis@hotmail.com"}}
{"user_id": "zQKhm9MwCZeSLDDFT8T0ODdSKrf2", "group": "system", "action": "user_login_attempt", "timestamp": "2025-11-17T16:00:56.579810+00:00", "details": {"email": "adonis.douramanis@gmail.com"}}
{"user_id": "zQKhm9MwCZeSLDDFT8T0ODdSKrf2", "group": "system", "action": "user_logged_in", "timestamp": "2025-11-17T16:00:56.681950+00:00", "details": {"email": "adonis.douramanis@gmail.com"}}
{"user_id": "zQKhm9MwCZeSLDDFT8T0ODdSKrf2", "group": "system", "action": "user_login_attempt", "timestamp": "2025-11-17T16:55:03.415840+00:00", "details": {"email": "adonis.douramanis@gmail.com"}}
{"user_id": "zQKhm9MwCZeSLDDFT8T0ODdSKrf2", "group": "system", "action": "user_logged_in", "timestamp": "2025-11-17T16:55:03.503710+00:00", "details": {"email": "adonis.douramanis@gmail.com"}}
{"user_id": "87955SqMGicTZNAZ1TBGu21UwSD3", "group": "system", "action": "user_registered", "timestamp": "2025-11-17T17:03:27.637484+00:00", "details": {"email": "douradonis@hotmail.com"}}
{"user_id": "87955SqMGicTZNAZ1TBGu21UwSD3", "group": "system", "action": "user_signup_complete", "timestamp": "2025-11-17T17:03:27.678880+00:00", "details": {"email": "douradonis@hotmail.com"}}
{"user_id": "87955SqMGicTZNAZ1TBGu21UwSD3", "group": "system", "action": "user_login_attempt", "timestamp": "2025-11-17T17:03:34.180259+00:00", "details": {"email": "douradonis@hotmail.com"}}
{"user_id": "87955SqMGicTZNAZ1TBGu21UwSD3", "group": "system", "action": "user_logged_in", "timestamp": "2025-11-17T17:03:34.219461+00:00", "details": {"email": "douradonis@hotmail.com"}}
{"user_id": "zQKhm9MwCZeSLDDFT8T0ODdSKrf2", "group": "system", "action": "user_login_attempt", "timestamp": "2025-11-17T17:04:34.940915+00:00", "details": {"email": "adonis.douramanis@gmail.com"}}
{"user_id": "zQKhm9MwCZeSLDDFT8T0ODdSKrf2", "group": "system", "action": "user_logged_in", "timestamp": "2025-11-17T17:04:34.984187+00:00", "details": {"email": "adonis.douramanis@gmail.com"}}
{"user_id": "87955SqMGicTZNAZ1TBGu21UwSD3", "group": "system", "action": "user_login_attempt", "timestamp": "2025-11-17T17:08:36.787444+00:00", "details": {"email": "douradonis@hotmail.com"}}
{"user_id": "87955SqMGicTZNAZ1TBGu21UwSD3", "group": "system", "action": "user_logged_in", "timestamp": "2025-11-17T17:08:36.824162+00:00", "details": {"email": "douradonis@hotmail.com"}}
{"user_id": "87955SqMGicTZNAZ1TBGu21UwSD3", "group": "system", "action": "user_login_attempt", "timestamp": "2025-11-17T17:10:44.459485+00:00", "details": {"email": "douradonis@hotmail.com"}}
{"user_id": "87955SqMGicTZNAZ1TBGu21UwSD3", "group": "system", "action": "user_logged_in", "timestamp": "2025-11-17T17:10:44.553792+00:00", "details": {"email": "douradonis@hotmail.com"}}
{"user_id": "87955SqMGicTZNAZ1TBGu21UwSD3", "group": "system", "action": "user_login_attempt", "timestamp": "2025-11-17T17:11:12.204645+00:00", "details": {"email": "douradonis@hotmail.com"}}
{"user_id": "87955SqMGicTZNAZ1TBGu21UwSD3", "group": "system", "action": "user_logged_in", "timestamp": "2025-11-17T17:11:12.243076+00:00", "details": {"email": "douradonis@hotmail.com"}}
{"user_id": "zQKhm9MwCZeSLDDFT8T0ODdSKrf2", "group": "system", "action": "user_login_attempt", "timestamp": "2025-11-17T17:11:40.479593+00:00", "details": {"email": "adonis.douramanis@gmail.com"}}
{"user_id": "zQKhm9MwCZeSLDDFT8T0ODdSKrf2", "group": "system", "action": "user_logged_in", "timestamp": "2025-11-17T17:11:40.514656+00:00", "details": {"email": "adonis.douramanis@gmail.com"}}
{"user_id": "87955SqMGicTZNAZ1TBGu21UwSD3", "group": "system", "action": "user_login_attempt", "timestamp": "2025-11-17T17:23:38.565739+00:00", "details": {"email": "douradonis@hotmail.com"}}
{"user_id": "87955SqMGicTZNAZ1TBGu21UwSD3", "group": "system", "action": "user_logged_in", "timestamp": "2025-11-17T17:23:38.610087+00:00", "details": {"email": "douradonis@hotmail.com"}}
{"user_id": "zQKhm9MwCZeSLDDFT8T0ODdSKrf2", "group": "system", "action": "user_login_attempt", "timestamp": "2025-11-17T17:41:52.904568+00:00", "details": {"email": "adonis.douramanis@gmail.com"}}
{"user_id": "zQKhm9MwCZeSLDDFT8T0ODdSKrf2", "group": "system", "action": "user_logged_in", "timestamp": "2025-11-17T17:41:53.041215+00:00", "details": {"email": "adonis.douramanis@gmail.com"}}
{"user_id": "g7wmnzcJaYWEWRJTuNqhDCB01Iu2", "group": "system", "action": "user_registered", "timestamp": "2025-11-17T19:58:48.263157+00:00", "details": {"email": "douradonis@hotmail.com"}}
{"user_id": "g7wmnzcJaYWEWRJTuNqhDCB01Iu2", "group": "system", "action": "user_signup_complete", "timestamp": "2025-11-17T19:58:48.305587+00:00", "details": {"email": "douradonis@hotmail.com"}}
{"user_id": "zQKhm9MwCZeSLDDFT8T0ODdSKrf2", "group": "system", "action": "user_login_attempt", "timestamp": "2025-11-17T20:01:08.940451+00:00", "details": {"email": "adonis.douramanis@gmail.com"}}
{"user_id": "zQKhm9MwCZeSLDDFT8T0ODdSKrf2", "group": "system", "action": "user_logged_in", "timestamp": "2025-11-17T20:01:09.020495+00:00", "details": {"email": "adonis.douramanis@gmail.com"}}
{"user_id": "test@example.com", "group": "system", "action": "verification_email_sent", "timestamp": "2025-11-17T20:13:44.103404+00:00", "details": {"email": "test@example.com", "timestamp": "2025-11-17T20:13:44.103384+00:00"}}
{"user_id": "8UGoEH4FrpU2MvfjCYokO2JmTgV2", "group": "system", "action": "user_registered", "timestamp": "2025-11-17T20:15:25.049249+00:00", "details": {"email": "douradonis@hotmail.com"}}
{"user_id": "douradonis@hotmail.com", "group": "system", "action": "verification_email_sent", "timestamp": "2025-11-17T20:15:25.794418+00:00", "details": {"email": "douradonis@hotmail.com", "timestamp": "2025-11-17T20:15:25.794395+00:00"}}
{"user_id": "8UGoEH4FrpU2MvfjCYokO2JmTgV2", "group": "system", "action": "user_signup_complete", "timestamp": "2025-11-17T20:15:25.831452+00:00", "details": {"email": "douradonis@hotmail.com", "verification_email_sent": true}}
{"user_id": "8UGoEH4FrpU2MvfjCYokO2JmTgV2", "group": "system", "action": "user_login_attempt", "timestamp": "2025-11-17T20:15:50.096138+00:00", "details": {"email": "douradonis@hotmail.com"}}
{"user_id": "8UGoEH4FrpU2MvfjCYokO2JmTgV2", "group": "system", "action": "user_login_attempt", "timestamp": "2025-11-17T20:16:10.430125+00:00", "details": {"email": "douradonis@hotmail.com"}}
{"user_id": "zQKhm9MwCZeSLDDFT8T0ODdSKrf2", "group": "system", "action": "user_login_attempt", "timestamp": "2025-11-17T20:21:08.614770+00:00", "details": {"email": "adonis.douramanis@gmail.com"}}
{"user_id": "zQKhm9MwCZeSLDDFT8T0ODdSKrf2", "group": "system", "action": "user_login_attempt", "timestamp": "2025-11-17T20:22:09.604106+00:00", "details": {"email": "adonis.douramanis@gmail.com"}}
{"user_id": "pv3IZLagBcT3N1WjqqYITJPUquq1", "group": "system", "action": "user_registered", "timestamp": "2025-11-17T20:22:44.670909+00:00", "details": {"email": "douradonis@hotmail.com"}}
{"user_id": "douradonis@hotmail.com", "group": "system", "action": "verification_email_sent", "timestamp": "2025-11-17T20:22:45.393795+00:00", "details": {"email": "douradonis@hotmail.com", "timestamp": "2025-11-17T20:22:45.393773+00:00"}}
{"user_id": "pv3IZLagBcT3N1WjqqYITJPUquq1", "group": "system", "action": "user_signup_complete", "timestamp": "2025-11-17T20:22:45.437507+00:00", "details": {"email": "douradonis@hotmail.com", "verification_email_sent": true}}
{"user_id": "test@example.com", "group": "system", "action": "verification_email_sent", "timestamp": "2025-11-17T20:28:06.220259+00:00", "details": {"email": "test@example.com", "timestamp": "2025-11-17T20:28:06.220240+00:00"}}
{"user_id": "test@example.com", "group": "system", "action": "verification_email_sent", "timestamp": "2025-11-17T20:28:16.202494+00:00", "details": {"email": "test@example.com", "timestamp": "2025-11-17T20:28:16.202473+00:00"}}
{"user_id": "zQKhm9MwCZeSLDDFT8T0ODdSKrf2", "group": "system", "action": "user_login_attempt", "timestamp": "2025-11-17T20:29:08.331023+00:00", "details": {"email": "adonis.douramanis@gmail.com"}}
{"user_id": "ngDiP2lBsRNoEfSC9Mez4TTPJM53", "group": "system", "action": "user_registered", "timestamp": "2025-11-17T20:30:14.793347+00:00", "details": {"email": "adonis.douramanis@gmail.com"}}
{"user_id": "ngDiP2lBsRNoEfSC9Mez4TTPJM53", "group": "system", "action": "user_signup_complete", "timestamp": "2025-11-17T20:30:14.837394+00:00", "details": {"email": "adonis.douramanis@gmail.com", "verification_email_sent": false}}
{"user_id": "ngDiP2lBsRNoEfSC9Mez4TTPJM53", "group": "system", "action": "user_login_attempt", "timestamp": "2025-11-17T20:30:50.382847+00:00", "details": {"email": "adonis.douramanis@gmail.com"}}
{"user_id": "qztJIKPL6NNG6Jk9ZcXAbiLFTEz2", "group": "system", "action": "user_registered", "timestamp": "2025-11-17T20:31:53.056366+00:00", "details": {"email": "douradonis@hotmail.com"}}
{"user_id": "douradonis@hotmail.com", "group": "system", "action": "verification_email_sent", "timestamp": "2025-11-17T20:31:53.799415+00:00", "details": {"email": "douradonis@hotmail.com", "timestamp": "2025-11-17T20:31:53.799393+00:00"}}
{"user_id": "qztJIKPL6NNG6Jk9ZcXAbiLFTEz2", "group": "system", "action": "user_signup_complete", "timestamp": "2025-11-17T20:31:53.831366+00:00", "details": {"email": "douradonis@hotmail.com", "verification_email_sent": true}}
{"user_id": "ngDiP2lBsRNoEfSC9Mez4TTPJM53", "group": "system", "action": "user_login_attempt", "timestamp": "2025-11-17T20:33:17.886124+00:00", "details": {"email": "adonis.douramanis@gmail.com"}}
{"user_id": "ngDiP2lBsRNoEfSC9Mez4TTPJM53", "group": "system", "action": "user_logged_in", "timestamp": "2025-11-17T20:33:17.979907+00:00", "details": {"email": "adonis.douramanis@gmail.com"}}
{"user_id": "ngDiP2lBsRNoEfSC9Mez4TTPJM53", "group": "system", "action": "user_login_attempt", "timestamp": "2025-11-17T22:21:14.240823+00:00", "details": {"email": "adonis.douramanis@gmail.com"}}
{"user_id": "ngDiP2lBsRNoEfSC9Mez4TTPJM53", "group": "system", "action": "user_logged_in", "timestamp": "2025-11-17T22:21:14.416035+00:00", "details": {"email": "adonis.douramanis@gmail.com"}}
{"user_id": "ngDiP2lBsRNoEfSC9Mez4TTPJM53", "group": "system", "action": "user_login_attempt", "timestamp": "2025-11-17T23:02:48.328285+00:00", "details": {"email": "adonis.douramanis@gmail.com"}}
{"user_id": "ngDiP2lBsRNoEfSC9Mez4TTPJM53", "group": "system", "action": "user_logged_in", "timestamp": "2025-11-17T23:02:48.572511+00:00", "details": {"email": "adonis.douramanis@gmail.com"}}
{"user_id": "xvogIBqyjGbGOwQB3BHDR5lVFAg2", "group": "system", "action": "user_registered", "timestamp": "2025-11-17T23:04:06.388921+00:00", "details": {"email": "douradonis@hotmail.com"}}
{"user_id": "douradonis@hotmail.com", "group": "system", "action": "verification_email_sent", "timestamp": "2025-11-17T23:04:07.348346+00:00", "details": {"email": "douradonis@hotmail.com", "timestamp": "2025-11-17T23:04:07.348323+00:00"}}
{"user_id": "xvogIBqyjGbGOwQB3BHDR5lVFAg2", "group": "system", "action": "user_signup_complete", "timestamp": "2025-11-17T23:04:07.388864+00:00", "details": {"email": "douradonis@hotmail.com", "verification_email_sent": true}}
{"user_id": "ngDiP2lBsRNoEfSC9Mez4TTPJM53", "group": "system", "action": "user_login_attempt", "timestamp": "2025-11-17T23:04:45.231020+00:00", "details": {"email": "adonis.douramanis@gmail.com"}}
{"user_id": "ngDiP2lBsRNoEfSC9Mez4TTPJM53", "group": "system", "action": "user_logged_in", "timestamp": "2025-11-17T23:04:45.279712+00:00", "details": {"email": "adonis.douramanis@gmail.com"}}
{"user_id": "u44So2GH3vZlVKCCpnOLBSPwc2n2", "group": "system", "action": "user_registered", "timestamp": "2025-11-17T23:14:16.958892+00:00", "details": {"email": "scanmydata@hotmail.com"}}
{"user_id": "u44So2GH3vZlVKCCpnOLBSPwc2n2", "group": "system", "action": "user_signup_complete", "timestamp": "2025-11-17T23:14:17.293725+00:00", "details": {"email": "scanmydata@hotmail.com", "verification_email_sent": false}}
{"user_id": "u44So2GH3vZlVKCCpnOLBSPwc2n2", "group": "system", "action": "user_login_attempt", "timestamp": "2025-11-17T23:15:48.998254+00:00", "details": {"email": "scanmydata@hotmail.com"}}
{"user_id": "nrzgWlIdyaem6sWPG6XQ04D8wM92", "group": "system", "action": "user_registered", "timestamp": "2025-11-17T23:18:30.940492+00:00", "details": {"email": "douradonis@hotmail.com"}}
{"user_id": "nrzgWlIdyaem6sWPG6XQ04D8wM92", "group": "system", "action": "user_signup_complete", "timestamp": "2025-11-17T23:18:31.420418+00:00", "details": {"email": "douradonis@hotmail.com", "verification_email_sent": false}}
{"user_id": "WxLp3kpn82ZESPMiAmZCLFlw9Sl1", "group": "system", "action": "user_registered", "timestamp": "2025-11-17T23:19:26.628993+00:00", "details": {"email": "tonydodge225@gmail.com"}}
{"user_id": "WxLp3kpn82ZESPMiAmZCLFlw9Sl1", "group": "system", "action": "user_signup_complete", "timestamp": "2025-11-17T23:19:26.954875+00:00", "details": {"email": "tonydodge225@gmail.com", "verification_email_sent": false}}
{"user_id": "ngDiP2lBsRNoEfSC9Mez4TTPJM53", "group": "system", "action": "user_login_attempt", "timestamp": "2025-11-18T10:49:20.616803+00:00", "details": {"email": "adonis.douramanis@gmail.com"}}
{"user_id": "ngDiP2lBsRNoEfSC9Mez4TTPJM53", "group": "system", "action": "user_logged_in", "timestamp": "2025-11-18T10:49:20.878363+00:00", "details": {"email": "adonis.douramanis@gmail.com"}}
{"user_id": "ngDiP2lBsRNoEfSC9Mez4TTPJM53", "group": "system", "action": "user_login_attempt", "timestamp": "2025-11-18T10:49:52.574322+00:00", "details": {"email": "adonis.douramanis@gmail.com"}}
{"user_id": "ngDiP2lBsRNoEfSC9Mez4TTPJM53", "group": "system", "action": "user_logged_in", "timestamp": "2025-11-18T10:49:52.611201+00:00", "details": {"email": "adonis.douramanis@gmail.com"}}
{"user_id": "ngDiP2lBsRNoEfSC9Mez4TTPJM53", "group": "system", "action": "user_login_attempt", "timestamp": "2025-11-18T10:56:47.391414+00:00", "details": {"email": "adonis.douramanis@gmail.com"}}
{"user_id": "ngDiP2lBsRNoEfSC9Mez4TTPJM53", "group": "system", "action": "user_logged_in", "timestamp": "2025-11-18T10:56:47.602578+00:00", "details": {"email": "adonis.douramanis@gmail.com"}}
{"user_id": "ngDiP2lBsRNoEfSC9Mez4TTPJM53", "group": "system", "action": "user_login_attempt", "timestamp": "2025-11-18T10:57:29.379800+00:00", "details": {"email": "adonis.douramanis@gmail.com"}}
{"user_id": "ngDiP2lBsRNoEfSC9Mez4TTPJM53", "group": "system", "action": "user_logged_in", "timestamp": "2025-11-18T10:57:29.472818+00:00", "details": {"email": "adonis.douramanis@gmail.com"}}
{"user_id": "jNVkqFO0RbfM3bIVJ4MZ5GFPZO53", "group": "system", "action": "user_registered", "timestamp": "2025-11-18T11:00:14.591458+00:00", "details": {"email": "douradonis@hotmail.com"}}
{"user_id": "douradonis@hotmail.com", "group": "system", "action": "verification_email_sent", "timestamp": "2025-11-18T11:00:15.567117+00:00", "details": {"email": "douradonis@hotmail.com", "timestamp": "2025-11-18T11:00:15.567088+00:00"}}
{"user_id": "jNVkqFO0RbfM3bIVJ4MZ5GFPZO53", "group": "system", "action": "user_signup_complete", "timestamp": "2025-11-18T11:00:15.608380+00:00", "details": {"email": "douradonis@hotmail.com", "verification_email_sent": true}}
{"user_id": "ngDiP2lBsRNoEfSC9Mez4TTPJM53", "group": "system", "action": "user_login_attempt", "timestamp": "2025-11-18T11:01:18.486162+00:00", "details": {"email": "adonis.douramanis@gmail.com"}}
{"user_id": "ngDiP2lBsRNoEfSC9Mez4TTPJM53", "group": "system", "action": "user_logged_in", "timestamp": "2025-11-18T11:01:18.521430+00:00", "details": {"email": "adonis.douramanis@gmail.com"}}
{"user_id": "ngDiP2lBsRNoEfSC9Mez4TTPJM53", "group": "system", "action": "user_login_attempt", "timestamp": "2025-11-18T11:10:31.994062+00:00", "details": {"email": "adonis.douramanis@gmail.com"}}
{"user_id": "ngDiP2lBsRNoEfSC9Mez4TTPJM53", "group": "system", "action": "user_logged_in", "timestamp": "2025-11-18T11:10:32.036738+00:00", "details": {"email": "adonis.douramanis@gmail.com"}}
{"user_id": "JHy65myLNZelX5TnytxZ6kxvKGp2", "group": "system", "action": "user_registered", "timestamp": "2025-11-18T11:11:22.370636+00:00", "details": {"email": "douradonis@hotmail.com"}}
{"user_id": "douradonis@hotmail.com", "group": "system", "action": "verification_email_sent", "timestamp": "2025-11-18T11:11:23.176588+00:00", "details": {"email": "douradonis@hotmail.com", "timestamp": "2025-11-18T11:11:23.176559+00:00"}}
{"user_id": "JHy65myLNZelX5TnytxZ6kxvKGp2", "group": "system", "action": "user_signup_complete", "timestamp": "2025-11-18T11:11:23.214611+00:00", "details": {"email": "douradonis@hotmail.com", "verification_email_sent": true}}
{"user_id": "ngDiP2lBsRNoEfSC9Mez4TTPJM53", "group": "system", "action": "user_login_attempt", "timestamp": "2025-11-18T11:12:12.171039+00:00", "details": {"email": "adonis.douramanis@gmail.com"}}
{"user_id": "ngDiP2lBsRNoEfSC9Mez4TTPJM53", "group": "system", "action": "user_logged_in", "timestamp": "2025-11-18T11:12:12.210965+00:00", "details": {"email": "adonis.douramanis@gmail.com"}}
{"user_id": "ngDiP2lBsRNoEfSC9Mez4TTPJM53", "group": "system", "action": "user_login_attempt", "timestamp": "2025-11-18T11:20:16.565066+00:00", "details": {"email": "adonis.douramanis@gmail.com"}}
{"user_id": "ngDiP2lBsRNoEfSC9Mez4TTPJM53", "group": "system", "action": "user_logged_in", "timestamp": "2025-11-18T11:20:16.697482+00:00", "details": {"email": "adonis.douramanis@gmail.com"}}
{"user_id": "AfPwuFZzFxRR4a7daxMnxMFEsgD2", "group": "system", "action": "user_registered", "timestamp": "2025-11-18T11:22:04.594328+00:00", "details": {"email": "douradonis@hotmail.com"}}
{"user_id": "douradonis@hotmail.com", "group": "system", "action": "verification_email_sent", "timestamp": "2025-11-18T11:22:05.630299+00:00", "details": {"email": "douradonis@hotmail.com", "timestamp": "2025-11-18T11:22:05.630270+00:00"}}
{"user_id": "AfPwuFZzFxRR4a7daxMnxMFEsgD2", "group": "system", "action": "user_signup_complete", "timestamp": "2025-11-18T11:22:05.672924+00:00", "details": {"email": "douradonis@hotmail.com", "verification_email_sent": true}}
{"user_id": "ngDiP2lBsRNoEfSC9Mez4TTPJM53", "group": "system", "action": "user_login_attempt", "timestamp": "2025-11-18T11:23:06.735255+00:00", "details": {"email": "adonis.douramanis@gmail.com"}}
{"user_id": "ngDiP2lBsRNoEfSC9Mez4TTPJM53", "group": "system", "action": "user_logged_in", "timestamp": "2025-11-18T11:23:06.844835+00:00", "details": {"email": "adonis.douramanis@gmail.com"}}
{"user_id": "ngDiP2lBsRNoEfSC9Mez4TTPJM53", "group": "system", "action": "user_login_attempt", "timestamp": "2025-11-18T15:21:14.009511+00:00", "details": {"email": "adonis.douramanis@gmail.com"}}
{"user_id": "ngDiP2lBsRNoEfSC9Mez4TTPJM53", "group": "system", "action": "user_logged_in", "timestamp": "2025-11-18T15:21:14.299068+00:00", "details": {"email": "adonis.douramanis@gmail.com"}}
{"user_id": "ngDiP2lBsRNoEfSC9Mez4TTPJM53", "group": "system", "action": "user_login_attempt", "timestamp": "2025-11-18T15:30:03.846634+00:00", "details": {"email": "adonis.douramanis@gmail.com"}}
{"user_id": "ngDiP2lBsRNoEfSC9Mez4TTPJM53", "group": "system", "action": "user_logged_in", "timestamp": "2025-11-18T15:30:04.129237+00:00", "details": {"email": "adonis.douramanis@gmail.com"}}
{"user_id": "ngDiP2lBsRNoEfSC9Mez4TTPJM53", "group": "system", "action": "user_login_attempt", "timestamp": "2025-11-18T15:30:29.929584+00:00", "details": {"email": "adonis.douramanis@gmail.com"}}
{"user_id": "ngDiP2lBsRNoEfSC9Mez4TTPJM53", "group": "system", "action": "user_logged_in", "timestamp": "2025-11-18T15:30:30.026931+00:00", "details": {"email": "adonis.douramanis@gmail.com"}}
{"user_id": "ngDiP2lBsRNoEfSC9Mez4TTPJM53", "group": "system", "action": "user_login_attempt", "timestamp": "2025-11-18T15:34:29.287192+00:00", "details": {"email": "adonis.douramanis@gmail.com"}}
{"user_id": "ngDiP2lBsRNoEfSC9Mez4TTPJM53", "group": "system", "action": "user_logged_in", "timestamp": "2025-11-18T15:34:29.482382+00:00", "details": {"email": "adonis.douramanis@gmail.com"}}
{"user_id": "ngDiP2lBsRNoEfSC9Mez4TTPJM53", "group": "system", "action": "user_login_attempt", "timestamp": "2025-11-18T15:37:17.727743+00:00", "details": {"email": "adonis.douramanis@gmail.com"}}
{"user_id": "ngDiP2lBsRNoEfSC9Mez4TTPJM53", "group": "system", "action": "user_logged_in", "timestamp": "2025-11-18T15:37:17.993956+00:00", "details": {"email": "adonis.douramanis@gmail.com"}}
{"user_id": "ngDiP2lBsRNoEfSC9Mez4TTPJM53", "group": "system", "action": "user_login_attempt", "timestamp": "2025-11-18T15:55:58.405080+00:00", "details": {"email": "adonis.douramanis@gmail.com"}}
{"user_id": "ngDiP2lBsRNoEfSC9Mez4TTPJM53", "group": "system", "action": "user_logged_in", "timestamp": "2025-11-18T15:55:58.691160+00:00", "details": {"email": "adonis.douramanis@gmail.com"}}
{"user_id": "ngDiP2lBsRNoEfSC9Mez4TTPJM53", "group": "system", "action": "user_login_attempt", "timestamp": "2025-11-18T16:13:55.792448+00:00", "details": {"email": "adonis.douramanis@gmail.com"}}
{"user_id": "ngDiP2lBsRNoEfSC9Mez4TTPJM53", "group": "system", "action": "user_logged_in", "timestamp": "2025-11-18T16:13:56.069588+00:00", "details": {"email": "adonis.douramanis@gmail.com"}}
{"user_id": "ngDiP2lBsRNoEfSC9Mez4TTPJM53", "group": "system", "action": "user_login_attempt", "timestamp": "2025-11-19T13:59:41.295502+00:00", "details": {"email": "adonis.douramanis@gmail.com"}}
{"user_id": "ngDiP2lBsRNoEfSC9Mez4TTPJM53", "group": "system", "action": "user_logged_in", "timestamp": "2025-11-19T13:59:41.420878+00:00", "details": {"email": "adonis.douramanis@gmail.com"}}
{"user_id": "ngDiP2lBsRNoEfSC9Mez4TTPJM53", "group": "system", "action": "user_login_attempt", "timestamp": "2025-11-19T19:23:48.207665+00:00", "details": {"email": "adonis.douramanis@gmail.com"}}
{"user_id": "ngDiP2lBsRNoEfSC9Mez4TTPJM53", "group": "system", "action": "user_logged_in", "timestamp": "2025-11-19T19:23:48.314891+00:00", "details": {"email": "adonis.douramanis@gmail.com"}}
{"user_id": "ngDiP2lBsRNoEfSC9Mez4TTPJM53", "group": "system", "action": "user_login_attempt", "timestamp": "2025-11-19T20:19:26.626488+00:00", "details": {"email": "adonis.douramanis@gmail.com"}}
{"user_id": "ngDiP2lBsRNoEfSC9Mez4TTPJM53", "group": "system", "action": "user_logged_in", "timestamp": "2025-11-19T20:19:26.729963+00:00", "details": {"email": "adonis.douramanis@gmail.com"}}
{"user_id": "ngDiP2lBsRNoEfSC9Mez4TTPJM53", "group": "system", "action": "user_login_attempt", "timestamp": "2025-11-20T10:45:31.992249+00:00", "details": {"email": "adonis.douramanis@gmail.com"}}
{"user_id": "ngDiP2lBsRNoEfSC9Mez4TTPJM53", "group": "system", "action": "user_logged_in", "timestamp": "2025-11-20T10:45:32.158358+00:00", "details": {"email": "adonis.douramanis@gmail.com"}}
{"user_id": "ngDiP2lBsRNoEfSC9Mez4TTPJM53", "group": "system", "action": "user_login_attempt", "timestamp": "2025-11-20T11:10:31.684607+00:00", "details": {"email": "adonis.douramanis@gmail.com"}}
{"user_id": "ngDiP2lBsRNoEfSC9Mez4TTPJM53", "group": "system", "action": "user_logged_in", "timestamp": "2025-11-20T11:10:31.776720+00:00", "details": {"email": "adonis.douramanis@gmail.com"}}
{"user_id": "ngDiP2lBsRNoEfSC9Mez4TTPJM53", "group": "system", "action": "user_login_attempt", "timestamp": "2025-11-20T15:08:29.813163+00:00", "details": {"email": "adonis.douramanis@gmail.com"}}
{"user_id": "ngDiP2lBsRNoEfSC9Mez4TTPJM53", "group": "system", "action": "user_logged_in", "timestamp": "2025-11-20T15:08:29.927641+00:00", "details": {"email": "adonis.douramanis@gmail.com"}}
{"user_id": "SYCpo2CXm6RjobdtUrXmsr9tSjL2", "group": "system", "action": "user_login_attempt", "timestamp": "2025-11-20T17:24:29.879212+00:00", "details": {"email": "douradonis@hotmail.com"}}
{"user_id": "ngDiP2lBsRNoEfSC9Mez4TTPJM53", "group": "system", "action": "user_login_attempt", "timestamp": "2025-11-20T17:27:41.228991+00:00", "details": {"email": "adonis.douramanis@gmail.com"}}
{"user_id": "ngDiP2lBsRNoEfSC9Mez4TTPJM53", "group": "system", "action": "user_logged_in", "timestamp": "2025-11-20T17:27:41.312504+00:00", "details": {"email": "adonis.douramanis@gmail.com"}}
{"user_id": "ngDiP2lBsRNoEfSC9Mez4TTPJM53", "group": "system", "action": "user_login_attempt", "timestamp": "2025-11-20T23:07:25.400261+00:00", "details": {"email": "adonis.douramanis@gmail.com"}}
{"user_id": "ngDiP2lBsRNoEfSC9Mez4TTPJM53", "group": "system", "action": "login", "timestamp": "2025-11-20T23:07:25.572659+00:00", "details": {"user_id": "ngDiP2lBsRNoEfSC9Mez4TTPJM53", "user_email": "adonis.douramanis@gmail.com", "user_username": "adonis.douramanis@gmail.com", "group": "system", "action": "login", "timestamp": "2025-11-20T23:07:25.572631+00:00", "ip_address": "127.0.0.1", "details": {"email": "adonis.douramanis@gmail.com", "username": "adonis.douramanis@gmail.com", "is_admin": true, "groups_count": 1}, "description": "Σύνδεση χρήστη"}}
{"user_id": "ngDiP2lBsRNoEfSC9Mez4TTPJM53", "group": "system", "action": "user_logged_in", "timestamp": "2025-11-20T23:07:25.611398+00:00", "details": {"email": "adonis.douramanis@gmail.com"}}
{"user_id": "ngDiP2lBsRNoEfSC9Mez4TTPJM53", "group": "system", "action": "user_login_attempt", "timestamp": "2025-11-20T23:47:45.065491+00:00", "details": {"email": "adonis.douramanis@gmail.com"}}
{"user_id": "ngDiP2lBsRNoEfSC9Mez4TTPJM53", "group": "system", "action": "login", "timestamp": "2025-11-20T23:47:45.235903+00:00", "details": {"user_id": "ngDiP2lBsRNoEfSC9Mez4TTPJM53", "user_email": "adonis.douramanis@gmail.com", "user_username": "adonis.douramanis@gmail.com", "group": "system", "action": "login", "timestamp": "2025-11-20T23:47:45.235878+00:00", "ip_address": "127.0.0.1", "details": {"email": "adonis.douramanis@gmail.com", "username": "adonis.douramanis@gmail.com", "is_admin": true, "groups_count": 1}, "description": "Σύνδεση χρήστη"}}
{"user_id": "ngDiP2lBsRNoEfSC9Mez4TTPJM53", "group": "system", "action": "user_logged_in", "timestamp": "2025-11-20T23:47:45.277162+00:00", "details": {"email": "adonis.douramanis@gmail.com"}}
{"user_id": "ngDiP2lBsRNoEfSC9Mez4TTPJM53", "group": "system", "action": "user_login_attempt", "timestamp": "2025-11-20T23:54:00.878437+00:00", "details": {"email": "adonis.douramanis@gmail.com"}}
{"user_id": "ngDiP2lBsRNoEfSC9Mez4TTPJM53", "group": "system", "action": "login", "timestamp": "2025-11-20T23:54:01.056402+00:00", "details": {"user_id": "ngDiP2lBsRNoEfSC9Mez4TTPJM53", "user_email": "adonis.douramanis@gmail.com", "user_username": "adonis.douramanis@gmail.com", "group": "system", "action": "login", "timestamp": "2025-11-20T23:54:01.056367+00:00", "ip_address": "127.0.0.1", "details": {"email": "adonis.douramanis@gmail.com", "username": "adonis.douramanis@gmail.com", "is_admin": true, "groups_count": 1}, "description": "Σύνδεση χρήστη"}}
{"user_id": "ngDiP2lBsRNoEfSC9Mez4TTPJM53", "group": "system", "action": "user_logged_in", "timestamp": "2025-11-20T23:54:01.093939+00:00", "details": {"email": "adonis.douramanis@gmail.com"}}
{"user_id": "ngDiP2lBsRNoEfSC9Mez4TTPJM53", "group": "system", "action": "user_login_attempt", "timestamp": "2025-11-21T09:10:37.269647+00:00", "details": {"email": "adonis.douramanis@gmail.com"}}
{"user_id": "ngDiP2lBsRNoEfSC9Mez4TTPJM53", "group": "system", "action": "login", "timestamp": "2025-11-21T09:10:37.424852+00:00", "details": {"user_id": "ngDiP2lBsRNoEfSC9Mez4TTPJM53", "user_email": "adonis.douramanis@gmail.com", "user_username": "adonis.douramanis@gmail.com", "group": "system", "action": "login", "timestamp": "2025-11-21T09:10:37.424826+00:00", "ip_address": "127.0.0.1", "details": {"email": "adonis.douramanis@gmail.com", "username": "adonis.douramanis@gmail.com", "is_admin": true, "groups_count": 1}, "description": "Σύνδεση χρήστη"}}
{"user_id": "ngDiP2lBsRNoEfSC9Mez4TTPJM53", "group": "system", "action": "user_logged_in", "timestamp": "2025-11-21T09:10:37.463371+00:00", "details": {"email": "adonis.douramanis@gmail.com"}}
{"user_id": "ngDiP2lBsRNoEfSC9Mez4TTPJM53", "group": "system", "action": "user_login_attempt", "timestamp": "2025-11-21T09:27:48.049373+00:00", "details": {"email": "adonis.douramanis@gmail.com"}}
{"user_id": "ngDiP2lBsRNoEfSC9Mez4TTPJM53", "group": "system", "action": "login", "timestamp": "2025-11-21T09:27:48.150295+00:00", "details": {"user_id": "ngDiP2lBsRNoEfSC9Mez4TTPJM53", "user_email": "adonis.douramanis@gmail.com", "user_username": "adonis.douramanis@gmail.com", "group": "system", "action": "login", "timestamp": "2025-11-21T09:27:48.150273+00:00", "ip_address": "127.0.0.1", "details": {"email": "adonis.douramanis@gmail.com", "username": "adonis.douramanis@gmail.com", "is_admin": true, "groups_count": 1}, "description": "Σύνδεση χρήστη"}}
{"user_id": "ngDiP2lBsRNoEfSC9Mez4TTPJM53", "group": "system", "action": "user_logged_in", "timestamp": "2025-11-21T09:27:48.180152+00:00", "details": {"email": "adonis.douramanis@gmail.com"}}
{"user_id": "ngDiP2lBsRNoEfSC9Mez4TTPJM53", "group": "system", "action": "user_login_attempt", "timestamp": "2025-11-21T09:32:29.314299+00:00", "details": {"email": "adonis.douramanis@gmail.com"}}
{"user_id": "ngDiP2lBsRNoEfSC9Mez4TTPJM53", "group": "system", "action": "login", "timestamp": "2025-11-21T09:32:29.351505+00:00", "details": {"user_id": "ngDiP2lBsRNoEfSC9Mez4TTPJM53", "user_email": "adonis.douramanis@gmail.com", "user_username": "adonis.douramanis@gmail.com", "group": "system", "action": "login", "timestamp": "2025-11-21T09:32:29.351481+00:00", "ip_address": "127.0.0.1", "details": {"email": "adonis.douramanis@gmail.com", "username": "adonis.douramanis@gmail.com", "is_admin": true, "groups_count": 1}, "description": "Σύνδεση χρήστη"}}
{"user_id": "ngDiP2lBsRNoEfSC9Mez4TTPJM53", "group": "system", "action": "user_logged_in", "timestamp": "2025-11-21T09:32:29.378011+00:00", "details": {"email": "adonis.douramanis@gmail.com"}}
{"user_id": "ngDiP2lBsRNoEfSC9Mez4TTPJM53", "group": "system", "action": "user_login_attempt", "timestamp": "2025-11-21T09:38:46.897138+00:00", "details": {"email": "adonis.douramanis@gmail.com"}}
{"user_id": "ngDiP2lBsRNoEfSC9Mez4TTPJM53", "group": "system", "action": "login", "timestamp": "2025-11-21T09:38:46.932888+00:00", "details": {"user_id": "ngDiP2lBsRNoEfSC9Mez4TTPJM53", "user_email": "adonis.douramanis@gmail.com", "user_username": "adonis.douramanis@gmail.com", "group": "system", "action": "login", "timestamp": "2025-11-21T09:38:46.932865+00:00", "ip_address": "127.0.0.1", "details": {"email": "adonis.douramanis@gmail.com", "username": "adonis.douramanis@gmail.com", "is_admin": true, "groups_count": 1}, "description": "Σύνδεση χρήστη"}}
{"user_id": "ngDiP2lBsRNoEfSC9Mez4TTPJM53", "group": "system", "action": "user_logged_in", "timestamp": "2025-11-21T09:38:46.961854+00:00", "details": {"email": "adonis.douramanis@gmail.com"}}
{"user_id": "ngDiP2lBsRNoEfSC9Mez4TTPJM53", "group": "system", "action": "user_login_attempt", "timestamp": "2025-11-21T09:42:48.458840+00:00", "details": {"email": "adonis.douramanis@gmail.com"}}
{"user_id": "ngDiP2lBsRNoEfSC9Mez4TTPJM53", "group": "system", "action": "login", "timestamp": "2025-11-21T09:42:48.497686+00:00", "details": {"user_id": "ngDiP2lBsRNoEfSC9Mez4TTPJM53", "user_email": "adonis.douramanis@gmail.com", "user_username": "adonis.douramanis@gmail.com", "group": "system", "action": "login", "timestamp": "2025-11-21T09:42:48.497658+00:00", "ip_address": "127.0.0.1", "details": {"email": "adonis.douramanis@gmail.com", "username": "adonis.douramanis@gmail.com", "is_admin": true, "groups_count": 1}, "description": "Σύνδεση χρήστη"}}
{"user_id": "ngDiP2lBsRNoEfSC9Mez4TTPJM53", "group": "system", "action": "user_logged_in", "timestamp": "2025-11-21T09:42:48.534253+00:00", "details": {"email": "adonis.douramanis@gmail.com"}}
{"user_id": "ngDiP2lBsRNoEfSC9Mez4TTPJM53", "group": "system", "action": "user_login_attempt", "timestamp": "2025-11-21T10:00:40.244629+00:00", "details": {"email": "adonis.douramanis@gmail.com"}}
{"user_id": "ngDiP2lBsRNoEfSC9Mez4TTPJM53", "group": "system", "action": "login", "timestamp": "2025-11-21T10:00:40.300999+00:00", "details": {"user_id": "ngDiP2lBsRNoEfSC9Mez4TTPJM53", "user_email": "adonis.douramanis@gmail.com", "user_username": "adonis.douramanis@gmail.com", "group": "system", "action": "login", "timestamp": "2025-11-21T10:00:40.300909+00:00", "ip_address": "127.0.0.1", "details": {"email": "adonis.douramanis@gmail.com", "username": "adonis.douramanis@gmail.com", "is_admin": true, "groups_count": 1}, "description": "Σύνδεση χρήστη"}}
{"user_id": "ngDiP2lBsRNoEfSC9Mez4TTPJM53", "group": "system", "action": "user_logged_in", "timestamp": "2025-11-21T10:00:40.338009+00:00", "details": {"email": "adonis.douramanis@gmail.com"}}
{"user_id": "np9FK7s7PRed6U9vnENvGcXwEBv1", "group": "system", "action": "user_registered", "timestamp": "2025-11-21T10:02:29.292332+00:00", "details": {"email": "testuser@scanmydata.test"}}
{"user_id": "TAQvch5Vx6PqDub6YNqJDAEYe9K2", "group": "system", "action": "user_registered", "timestamp": "2025-11-21T10:03:26.412865+00:00", "details": {"email": "testuser@scanmydata.test"}}
{"user_id": "xlUXmLRmSXU8W4Rk97rjrib1MB72", "group": "system", "action": "user_registered", "timestamp": "2025-11-21T10:04:14.173115+00:00", "details": {"email": "testuser@scanmydata.test"}}
{"user_id": "ANkkoJ7QENdBdmhwSgBEUFQpeb93", "group": "system", "action": "user_registered", "timestamp": "2025-11-21T10:04:59.578427+00:00", "details": {"email": "testuser@scanmydata.test"}}
{"user_id": "ngDiP2lBsRNoEfSC9Mez4TTPJM53", "group": "system", "action": "user_login_attempt", "timestamp": "2025-11-21T10:06:48.560410+00:00", "details": {"email": "adonis.douramanis@gmail.com"}}
{"user_id": "ngDiP2lBsRNoEfSC9Mez4TTPJM53", "group": "system", "action": "login", "timestamp": "2025-11-21T10:06:48.602895+00:00", "details": {"user_id": "ngDiP2lBsRNoEfSC9Mez4TTPJM53", "user_email": "adonis.douramanis@gmail.com", "user_username": "adonis.douramanis@gmail.com", "group": "system", "action": "login", "timestamp": "2025-11-21T10:06:48.602861+00:00", "ip_address": "127.0.0.1", "details": {"email": "adonis.douramanis@gmail.com", "username": "adonis.douramanis@gmail.com", "is_admin": true, "groups_count": 1}, "description": "Σύνδεση χρήστη"}}
{"user_id": "ngDiP2lBsRNoEfSC9Mez4TTPJM53", "group": "system", "action": "user_logged_in", "timestamp": "2025-11-21T10:06:48.635020+00:00", "details": {"email": "adonis.douramanis@gmail.com"}}
{"user_id": "ANkkoJ7QENdBdmhwSgBEUFQpeb93", "group": "system", "action": "user_login_attempt", "timestamp": "2025-11-21T10:08:02.468780+00:00", "details": {"email": "testuser@scanmydata.test"}}
{"user_id": "ngDiP2lBsRNoEfSC9Mez4TTPJM53", "group": "system", "action": "user_login_attempt", "timestamp": "2025-11-21T10:08:58.871979+00:00", "details": {"email": "adonis.douramanis@gmail.com"}}
{"user_id": "ngDiP2lBsRNoEfSC9Mez4TTPJM53", "group": "system", "action": "login", "timestamp": "2025-11-21T10:08:58.913165+00:00", "details": {"user_id": "ngDiP2lBsRNoEfSC9Mez4TTPJM53", "user_email": "adonis.douramanis@gmail.com", "user_username": "adonis.douramanis@gmail.com", "group": "system", "action": "login", "timestamp": "2025-11-21T10:08:58.913132+00:00", "ip_address": "127.0.0.1", "details": {"email": "adonis.douramanis@gmail.com", "username": "adonis.douramanis@gmail.com", "is_admin": true, "groups_count": 1}, "description": "Σύνδεση χρήστη"}}
{"user_id": "ngDiP2lBsRNoEfSC9Mez4TTPJM53", "group": "system", "action": "user_logged_in", "timestamp": "2025-11-21T10:08:58.947603+00:00", "details": {"email": "adonis.douramanis@gmail.com"}}
{"user_id": "ngDiP2lBsRNoEfSC9Mez4TTPJM53", "group": "system", "action": "user_login_attempt", "timestamp": "2025-11-21T10:13:53.698725+00:00", "details": {"email": "adonis.douramanis@gmail.com"}}
{"user_id": "ngDiP2lBsRNoEfSC9Mez4TTPJM53", "group": "system", "action": "login", "timestamp": "2025-11-21T10:13:53.758299+00:00", "details": {"user_id": "ngDiP2lBsRNoEfSC9Mez4TTPJM53", "user_email": "adonis.douramanis@gmail.com", "user_username": "adonis.douramanis@gmail.com", "group": "system", "action": "login", "timestamp": "2025-11-21T10:13:53.758262+00:00", "ip_address": "127.0.0.1", "details": {"email": "adonis.douramanis@gmail.com", "username": "adonis.douramanis@gmail.com", "is_admin": true, "groups_count": 1}, "description": "Σύνδεση χρήστη"}}
{"user_id": "ngDiP2lBsRNoEfSC9Mez4TTPJM53", "group": "system", "action": "user_logged_in", "timestamp": "2025-11-21T10:13:53.795259+00:00", "details": {"email": "adonis.douramanis@gmail.com"}}
{"user_id": "ngDiP2lBsRNoEfSC9Mez4TTPJM53", "group": "system", "action": "user_login_attempt", "timestamp": "2025-11-21T11:33:59.164861+00:00", "details": {"email": "adonis.douramanis@gmail.com"}}
{"user_id": "ngDiP2lBsRNoEfSC9Mez4TTPJM53", "group": "system", "action": "login", "timestamp": "2025-11-21T11:33:59.169667+00:00", "details": {"user_id": "ngDiP2lBsRNoEfSC9Mez4TTPJM53", "user_email": "adonis.douramanis@gmail.com", "user_username": "adonis.douramanis@gmail.com", "group": "system", "action": "login", "timestamp": "2025-11-21T11:33:59.169647+00:00", "ip_address": "127.0.0.1", "details": {"email": "adonis.douramanis@gmail.com", "username": "adonis.douramanis@gmail.com", "is_admin": true, "groups_count": 1}, "description": "Σύνδεση χρήστη"}}
{"user_id": "ngDiP2lBsRNoEfSC9Mez4TTPJM53", "group": "system", "action": "user_logged_in", "timestamp": "2025-11-21T11:33:59.170125+00:00", "details": {"email": "adonis.douramanis@gmail.com"}}
{"user_id": "ngDiP2lBsRNoEfSC9Mez4TTPJM53", "group": "system", "action": "user_login_attempt", "timestamp": "2025-11-21T11:36:43.057512+00:00", "details": {"email": "adonis.douramanis@gmail.com"}}
{"user_id": "ngDiP2lBsRNoEfSC9Mez4TTPJM53", "group": "system", "action": "login", "timestamp": "2025-11-21T11:36:43.082760+00:00", "details": {"user_id": "ngDiP2lBsRNoEfSC9Mez4TTPJM53", "user_email": "adonis.douramanis@gmail.com", "user_username": "adonis.douramanis@gmail.com", "group": "system", "action": "login", "timestamp": "2025-11-21T11:36:43.082728+00:00", "ip_address": "127.0.0.1", "details": {"email": "adonis.douramanis@gmail.com", "username": "adonis.douramanis@gmail.com", "is_admin": true, "groups_count": 1}, "description": "Σύνδεση χρήστη"}}
{"user_id": "ngDiP2lBsRNoEfSC9Mez4TTPJM53", "group": "system", "action": "user_logged_in", "timestamp": "2025-11-21T11:36:43.083479+00:00", "details": {"email": "adonis.douramanis@gmail.com"}}
{"user_id": "ngDiP2lBsRNoEfSC9Mez4TTPJM53", "group": "system", "action": "user_login_attempt", "timestamp": "2025-11-21T11:44:33.093617+00:00", "details": {"email": "adonis.douramanis@gmail.com"}}
{"user_id": "ngDiP2lBsRNoEfSC9Mez4TTPJM53", "group": "system", "action": "login", "timestamp": "2025-11-21T11:44:33.096780+00:00", "details": {"user_id": "ngDiP2lBsRNoEfSC9Mez4TTPJM53", "user_email": "adonis.douramanis@gmail.com", "user_username": "adonis.douramanis@gmail.com", "group": "system", "action": "login", "timestamp": "2025-11-21T11:44:33.096762+00:00", "ip_address": "127.0.0.1", "details": {"email": "adonis.douramanis@gmail.com", "username": "adonis.douramanis@gmail.com", "is_admin": true, "groups_count": 1}, "description": "Σύνδεση χρήστη"}}
{"user_id": "ngDiP2lBsRNoEfSC9Mez4TTPJM53", "group": "system", "action": "user_logged_in", "timestamp": "2025-11-21T11:44:33.097230+00:00", "details": {"email": "adonis.douramanis@gmail.com"}}
{"user_id": "ngDiP2lBsRNoEfSC9Mez4TTPJM53", "group": "system", "action": "user_login_attempt", "timestamp": "2025-11-21T11:46:13.735204+00:00", "details": {"email": "adonis.douramanis@gmail.com"}}
{"user_id": "ngDiP2lBsRNoEfSC9Mez4TTPJM53", "group": "system", "action": "login", "timestamp": "2025-11-21T11:46:13.738437+00:00", "details": {"user_id": "ngDiP2lBsRNoEfSC9Mez4TTPJM53", "user_email": "adonis.douramanis@gmail.com", "user_username": "adonis.douramanis@gmail.com", "group": "system", "action": "login", "timestamp": "2025-11-21T11:46:13.738419+00:00", "ip_address": "127.0.0.1", "details": {"email": "adonis.douramanis@gmail.com", "username": "adonis.douramanis@gmail.com", "is_admin": true, "groups_count": 1}, "description": "Σύνδεση χρήστη"}}
{"user_id": "ngDiP2lBsRNoEfSC9Mez4TTPJM53", "group": "system", "action": "user_logged_in", "timestamp": "2025-11-21T11:46:13.738874+00:00", "details": {"email": "adonis.douramanis@gmail.comα"}}
{"user_id": "ngDiP2lBsRNoEfSC9Mez4TTPJM53", "group": "system", "action": "user_login_attempt", "timestamp": "2025-11-21T11:47:41.186075+00:00", "details": {"email": "adonis.douramanis@gmail.com"}}
{"user_id": "ngDiP2lBsRNoEfSC9Mez4TTPJM53", "group": "system", "action": "login", "timestamp": "2025-11-21T11:47:41.189040+00:00", "details": {"user_id": "ngDiP2lBsRNoEfSC9Mez4TTPJM53", "user_email": "adonis.douramanis@gmail.com", "user_username": "adonis.douramanis@gmail.com", "group": "system", "action": "login", "timestamp": "2025-11-21T11:47:41.189021+00:00", "ip_address": "127.0.0.1", "details": {"email": "adonis.douramanis@gmail.com", "username": "adonis.douramanis@gmail.com", "is_admin": true, "groups_count": 1}, "description": "Σύνδεση χρήστη"}}
{"user_id": "ngDiP2lBsRNoEfSC9Mez4TTPJM53", "group": "system", "action": "user_logged_in", "timestamp": "2025-11-21T11:47:41.189463+00:00", "details": {"email": "adonis.douramanis@gmail.com"}}
{"user_id": "ngDiP2lBsRNoEfSC9Mez4TTPJM53", "group": "system", "action": "user_login_attempt", "timestamp": "2025-11-21T12:06:51.841131+00:00", "details": {"email": "adonis.douramanis@gmail.com"}}
{"user_id": "ngDiP2lBsRNoEfSC9Mez4TTPJM53", "group": "system", "action": "login", "timestamp": "2025-11-21T12:06:51.845981+00:00", "details": {"user_id": "ngDiP2lBsRNoEfSC9Mez4TTPJM53", "user_email": "adonis.douramanis@gmail.com", "user_username": "adonis.douramanis@gmail.com", "group": "system", "action": "login", "timestamp": "2025-11-21T12:06:51.845962+00:00", "ip_address": "127.0.0.1", "details": {"email": "adonis.douramanis@gmail.com", "username": "adonis.douramanis@gmail.com", "is_admin": true, "groups_count": 1}, "description": "Σύνδεση χρήστη"}}
{"user_id": "ngDiP2lBsRNoEfSC9Mez4TTPJM53", "group": "system", "action": "user_logged_in", "timestamp": "2025-11-21T12:06:51.846410+00:00", "details": {"email": "adonis.douramanis@gmail.com"}}
{"user_id": "test_user", "group": "system", "action": "logout", "timestamp": "2025-11-21T12:33:26.099905+00:00", "details": {"user_id": "test_user", "user_email": "test@example.com", "user_username": "testuser", "group": "system", "action": "logout", "timestamp": "2025-11-21T12:33:26.099880+00:00", "ip_address": null, "details": {"email": "test@example.com"}, "description": "Αποσύνδεση χρήστη"}}
{"user_id": "test_logout_2", "group": "system", "action": "logout", "timestamp": "2025-11-21T12:34:14.505134+00:00", "details": {"email": "test@example.com"}}
{"user_id": "1", "group": "system", "action": "logout", "timestamp": "2025-11-21T12:35:25.757895+00:00", "details": {"user_id": "1", "user_email": "test@example.com", "user_username": "testuser", "group": "system", "action": "logout", "timestamp": "2025-11-21T12:35:25.757857+00:00", "ip_address": null, "details": {"email": "test@example.com", "username": "testuser"}, "description": "Αποσύνδεση χρήστη"}}
{"user_id": "1", "group": "system", "action": "logout", "timestamp": "2025-11-21T12:35:32.193233+00:00", "details": {"user_id": "1", "user_email": "test@example.com", "user_username": "testuser", "group": "system", "action": "logout", "timestamp": "2025-11-21T12:35:32.193207+00:00", "ip_address": null, "details": {"email": "test@example.com", "username": "testuser"}, "description": "Αποσύνδεση χρήστη"}}
{"user_id": "1", "group": "system", "action": "logout", "timestamp": "2025-11-21T12:36:39.296751+00:00", "details": {"user_id": "1", "user_email": "test@example.com", "user_username": "testuser", "group": "system", "action": "logout", "timestamp": "2025-11-21T12:36:39.296734+00:00", "ip_address": null, "details": {"email": "test@example.com", "username": "testuser"}, "description": "Αποσύνδεση χρήστη"}}
{"user_id": "debug_test", "group": "system", "action": "logout", "timestamp": "2025-11-21T12:36:57.493240+00:00", "details": {"email": "debug@example.com"}}
{"user_id": "fixed_test", "group": "system", "action": "logout", "timestamp": "2025-11-21T12:37:23.183256+00:00", "details": {"email": "fixed@example.com"}}
{"user_id": "5", "group": "system", "action": "logout", "timestamp": "2025-11-21T13:21:14.614188+00:00", "details": {"user_id": "5", "user_email": "adonis.douramanis@gmail.com", "user_username": "adonis.douramanis@gmail.com", "group": "system", "action": "logout", "timestamp": "2025-11-21T13:21:14.614148+00:00", "ip_address": "127.0.0.1", "details": {"email": "adonis.douramanis@gmail.com", "username": "adonis.douramanis@gmail.com"}, "description": "Αποσύνδεση χρήστη"}}
{"user_id": "ngDiP2lBsRNoEfSC9Mez4TTPJM53", "group": "system", "action": "user_login_attempt", "timestamp": "2025-11-21T13:21:22.295163+00:00", "details": {"email": "adonis.douramanis@gmail.com"}}
{"user_id": "ngDiP2lBsRNoEfSC9Mez4TTPJM53", "group": "system", "action": "login", "timestamp": "2025-11-21T13:21:22.340861+00:00", "details": {"user_id": "ngDiP2lBsRNoEfSC9Mez4TTPJM53", "user_email": "adonis.douramanis@gmail.com", "user_username": "adonis.douramanis@gmail.com", "group": "system", "action": "login", "timestamp": "2025-11-21T13:21:22.340836+00:00", "ip_address": "127.0.0.1", "details": {"email": "adonis.douramanis@gmail.com", "username": "adonis.douramanis@gmail.com", "is_admin": true, "groups_count": 1}, "description": "Σύνδεση χρήστη"}}
{"user_id": "ngDiP2lBsRNoEfSC9Mez4TTPJM53", "group": "system", "action": "user_logged_in", "timestamp": "2025-11-21T13:21:22.371377+00:00", "details": {"email": "adonis.douramanis@gmail.com"}}
{"user_id": "5", "group": "system", "action": "logout", "timestamp": "2025-11-21T21:21:14.151326+00:00", "details": {"user_id": "5", "user_email": "adonis.douramanis@gmail.com", "user_username": "adonis.douramanis@gmail.com", "group": "system", "action": "logout", "timestamp": "2025-11-21T21:21:14.151300+00:00", "ip_address": "127.0.0.1", "details": {"email": "adonis.douramanis@gmail.com", "username": "adonis.douramanis@gmail.com"}, "description": "Αποσύνδεση χρήστη"}}
{"user_id": "ngDiP2lBsRNoEfSC9Mez4TTPJM53", "group": "system", "action": "user_login_attempt", "timestamp": "2025-11-21T21:36:07.463268+00:00", "details": {"email": "adonis.douramanis@gmail.com"}}
{"user_id": "ngDiP2lBsRNoEfSC9Mez4TTPJM53", "group": "system", "action": "login", "timestamp": "2025-11-21T21:36:07.596280+00:00", "details": {"user_id": "ngDiP2lBsRNoEfSC9Mez4TTPJM53", "user_email": "adonis.douramanis@gmail.com", "user_username": "adonis.douramanis@gmail.com", "group": "system", "action": "login", "timestamp": "2025-11-21T21:36:07.596257+00:00", "ip_address": "127.0.0.1", "details": {"email": "adonis.douramanis@gmail.com", "username": "adonis.douramanis@gmail.com", "is_admin": true, "groups_count": 1}, "description": "Σύνδεση χρήστη"}}
{"user_id": "ngDiP2lBsRNoEfSC9Mez4TTPJM53", "group": "system", "action": "user_logged_in", "timestamp": "2025-11-21T21:36:07.635812+00:00", "details": {"email": "adonis.douramanis@gmail.com"}}
{"user_id": "5", "group": "system", "action": "logout", "timestamp": "2025-11-21T21:37:23.887525+00:00", "details": {"user_id": "5", "user_email": "adonis.douramanis@gmail.com", "user_username": "adonis.douramanis@gmail.com", "group": "system", "action": "logout", "timestamp": "2025-11-21T21:37:23.887494+00:00", "ip_address": "127.0.0.1", "details": {"email": "adonis.douramanis@gmail.com", "username": "adonis.douramanis@gmail.com"}, "description": "Αποσύνδεση χρήστη"}}
{"user_id": "ngDiP2lBsRNoEfSC9Mez4TTPJM53", "group": "system", "action": "user_login_attempt", "timestamp": "2025-11-21T21:39:27.108198+00:00", "details": {"email": "adonis.douramanis@gmail.com"}}
{"user_id": "ngDiP2lBsRNoEfSC9Mez4TTPJM53", "group": "system", "action": "login", "timestamp": "2025-11-21T21:39:27.193155+00:00", "details": {"user_id": "ngDiP2lBsRNoEfSC9Mez4TTPJM53", "user_email": "adonis.douramanis@gmail.com", "user_username": "adonis.douramanis@gmail.com", "group": "system", "action": "login", "timestamp": "2025-11-21T21:39:27.193133+00:00", "ip_address": "127.0.0.1", "details": {"email": "adonis.douramanis@gmail.com", "username": "adonis.douramanis@gmail.com", "is_admin": true, "groups_count": 1}, "description": "Σύνδεση χρήστη"}}
{"user_id": "ngDiP2lBsRNoEfSC9Mez4TTPJM53", "group": "system", "action": "user_logged_in", "timestamp": "2025-11-21T21:39:27.227767+00:00", "details": {"email": "adonis.douramanis@gmail.com"}}
{"user_id": "5", "group": "system", "action": "logout", "timestamp": "2025-11-21T21:43:47.625209+00:00", "details": {"user_id": "5", "user_email": "adonis.douramanis@gmail.com", "user_username": "adonis.douramanis@gmail.com", "group": "system", "action": "logout", "timestamp": "2025-11-21T21:43:47.625179+00:00", "ip_address": "127.0.0.1", "details": {"email": "adonis.douramanis@gmail.com", "username": "adonis.douramanis@gmail.com"}, "description": "Αποσύνδεση χρήστη"}}
{"user_id": "ngDiP2lBsRNoEfSC9Mez4TTPJM53", "group": "system", "action": "user_login_attempt", "timestamp": "2025-11-21T21:44:06.225037+00:00", "details": {"email": "adonis.douramanis@gmail.com"}}
{"user_id": "ngDiP2lBsRNoEfSC9Mez4TTPJM53", "group": "system", "action": "login", "timestamp": "2025-11-21T21:44:06.261376+00:00", "details": {"user_id": "ngDiP2lBsRNoEfSC9Mez4TTPJM53", "user_email": "adonis.douramanis@gmail.com", "user_username": "adonis.douramanis@gmail.com", "group": "system", "action": "login", "timestamp": "2025-11-21T21:44:06.261354+00:00", "ip_address": "127.0.0.1", "details": {"email": "adonis.douramanis@gmail.com", "username": "adonis.douramanis@gmail.com", "is_admin": true, "groups_count": 1}, "description": "Σύνδεση χρήστη"}}
{"user_id": "ngDiP2lBsRNoEfSC9Mez4TTPJM53", "group": "system", "action": "user_logged_in", "timestamp": "2025-11-21T21:44:06.295980+00:00", "details": {"email": "adonis.douramanis@gmail.com"}}
{"user_id": "5", "group": "system", "action": "logout", "timestamp": "2025-11-21T22:02:29.827971+00:00", "details": {"user_id": "5", "user_email": "adonis.douramanis@gmail.com", "user_username": "adonis.douramanis@gmail.com", "group": "system", "action": "logout", "timestamp": "2025-11-21T22:02:29.827949+00:00", "ip_address": "127.0.0.1", "details": {"email": "adonis.douramanis@gmail.com", "username": "adonis.douramanis@gmail.com"}, "description": "Αποσύνδεση χρήστη"}}
{"user_id": "ngDiP2lBsRNoEfSC9Mez4TTPJM53", "group": "system", "action": "user_login_attempt", "timestamp": "2025-11-21T22:02:51.254048+00:00", "details": {"email": "adonis.douramanis@gmail.com"}}
{"user_id": "ngDiP2lBsRNoEfSC9Mez4TTPJM53", "group": "system", "action": "login", "timestamp": "2025-11-21T22:02:51.299203+00:00", "details": {"user_id": "ngDiP2lBsRNoEfSC9Mez4TTPJM53", "user_email": "adonis.douramanis@gmail.com", "user_username": "adonis.douramanis@gmail.com", "group": "system", "action": "login", "timestamp": "2025-11-21T22:02:51.299181+00:00", "ip_address": "127.0.0.1", "details": {"email": "adonis.douramanis@gmail.com", "username": "adonis.douramanis@gmail.com", "is_admin": true, "groups_count": 1}, "description": "Σύνδεση χρήστη"}}
{"user_id": "ngDiP2lBsRNoEfSC9Mez4TTPJM53", "group": "system", "action": "user_logged_in", "timestamp": "2025-11-21T22:02:51.335215+00:00", "details": {"email": "adonis.douramanis@gmail.com"}}
{"user_id": "ngDiP2lBsRNoEfSC9Mez4TTPJM53", "group": "system", "action": "user_login_attempt", "timestamp": "2025-11-22T12:34:09.047512+00:00", "details": {"email": "adonis.douramanis@gmail.com"}}
{"user_id": "ngDiP2lBsRNoEfSC9Mez4TTPJM53", "group": "system", "action": "login", "timestamp": "2025-11-22T12:34:09.334898+00:00", "details": {"user_id": "ngDiP2lBsRNoEfSC9Mez4TTPJM53", "user_email": "adonis.douramanis@gmail.com", "user_username": "adonis.douramanis@gmail.com", "group": "system", "action": "login", "timestamp": "2025-11-22T12:34:09.334898+00:00", "ip_address": "127.0.0.1", "details": {"email": "adonis.douramanis@gmail.com", "username": "adonis.douramanis@gmail.com", "is_admin": true, "groups_count": 1}, "description": "Σύνδεση χρήστη"}}
{"user_id": "ngDiP2lBsRNoEfSC9Mez4TTPJM53", "group": "system", "action": "user_logged_in", "timestamp": "2025-11-22T12:34:09.429928+00:00", "details": {"email": "adonis.douramanis@gmail.com"}}
{"user_id": "5", "group": "system", "action": "logout", "timestamp": "2025-11-22T12:37:31.290541+00:00", "details": {"user_id": "5", "user_email": "adonis.douramanis@gmail.com", "user_username": "adonis.douramanis@gmail.com", "group": "system", "action": "logout", "timestamp": "2025-11-22T12:37:31.290541+00:00", "ip_address": "127.0.0.1", "details": {"email": "adonis.douramanis@gmail.com", "username": "adonis.douramanis@gmail.com"}, "description": "Αποσύνδεση χρήστη"}}
{"user_id": "ngDiP2lBsRNoEfSC9Mez4TTPJM53", "group": "system", "action": "user_login_attempt", "timestamp": "2025-11-22T12:39:35.840321+00:00", "details": {"email": "adonis.douramanis@gmail.com"}}
{"user_id": "ngDiP2lBsRNoEfSC9Mez4TTPJM53", "group": "system", "action": "login", "timestamp": "2025-11-22T12:39:36.094791+00:00", "details": {"user_id": "ngDiP2lBsRNoEfSC9Mez4TTPJM53", "user_email": "adonis.douramanis@gmail.com", "user_username": "adonis.douramanis@gmail.com", "group": "system", "action": "login", "timestamp": "2025-11-22T12:39:36.094791+00:00", "ip_address": "127.0.0.1", "details": {"email": "adonis.douramanis@gmail.com", "username": "adonis.douramanis@gmail.com", "is_admin": true, "groups_count": 1}, "description": "Σύνδεση χρήστη"}}
{"user_id": "ngDiP2lBsRNoEfSC9Mez4TTPJM53", "group": "system", "action": "user_logged_in", "timestamp": "2025-11-22T12:39:36.183780+00:00", "details": {"email": "adonis.douramanis@gmail.com"}}
{"user_id": "5", "group": "system", "action": "logout", "timestamp": "2025-11-22T12:49:26.639606+00:00", "details": {"user_id": "5", "user_email": "adonis.douramanis@gmail.com", "user_username": "adonis.douramanis@gmail.com", "group": "system", "action": "logout", "timestamp": "2025-11-22T12:49:26.639606+00:00", "ip_address": "127.0.0.1", "details": {"email": "adonis.douramanis@gmail.com", "username": "adonis.douramanis@gmail.com"}, "description": "Αποσύνδεση χρήστη"}}
{"user_id": "ngDiP2lBsRNoEfSC9Mez4TTPJM53", "group": "system", "action": "user_login_attempt", "timestamp": "2025-11-22T12:49:39.562166+00:00", "details": {"email": "adonis.douramanis@gmail.com"}}
{"user_id": "ngDiP2lBsRNoEfSC9Mez4TTPJM53", "group": "system", "action": "login", "timestamp": "2025-11-22T12:49:39.653659+00:00", "details": {"user_id": "ngDiP2lBsRNoEfSC9Mez4TTPJM53", "user_email": "adonis.douramanis@gmail.com", "user_username": "adonis.douramanis@gmail.com", "group": "system", "action": "login", "timestamp": "2025-11-22T12:49:39.653659+00:00", "ip_address": "127.0.0.1", "details": {"email": "adonis.douramanis@gmail.com", "username": "adonis.douramanis@gmail.com", "is_admin": true, "groups_count": 1}, "description": "Σύνδεση χρήστη"}}
{"user_id": "ngDiP2lBsRNoEfSC9Mez4TTPJM53", "group": "system", "action": "user_logged_in", "timestamp": "2025-11-22T12:49:39.741151+00:00", "details": {"email": "adonis.douramanis@gmail.com"}}
{"user_id": "5", "group": "system", "action": "logout", "timestamp": "2025-11-22T12:50:50.871704+00:00", "details": {"user_id": "5", "user_email": "adonis.douramanis@gmail.com", "user_username": "adonis.douramanis@gmail.com", "group": "system", "action": "logout", "timestamp": "2025-11-22T12:50:50.871704+00:00", "ip_address": "127.0.0.1", "details": {"email": "adonis.douramanis@gmail.com", "username": "adonis.douramanis@gmail.com"}, "description": "Αποσύνδεση χρήστη"}}
{"user_id": "ngDiP2lBsRNoEfSC9Mez4TTPJM53", "group": "system", "action": "user_login_attempt", "timestamp": "2025-11-22T12:51:25.317169+00:00", "details": {"email": "adonis.douramanis@gmail.com"}}
{"user_id": "ngDiP2lBsRNoEfSC9Mez4TTPJM53", "group": "system", "action": "login", "timestamp": "2025-11-22T12:51:25.411229+00:00", "details": {"user_id": "ngDiP2lBsRNoEfSC9Mez4TTPJM53", "user_email": "adonis.douramanis@gmail.com", "user_username": "adonis.douramanis@gmail.com", "group": "system", "action": "login", "timestamp": "2025-11-22T12:51:25.411229+00:00", "ip_address": "127.0.0.1", "details": {"email": "adonis.douramanis@gmail.com", "username": "adonis.douramanis@gmail.com", "is_admin": true, "groups_count": 1}, "description": "Σύνδεση χρήστη"}}
{"user_id": "ngDiP2lBsRNoEfSC9Mez4TTPJM53", "group": "system", "action": "user_logged_in", "timestamp": "2025-11-22T12:51:25.500221+00:00", "details": {"email": "adonis.douramanis@gmail.com"}}
{"user_id": "5", "group": "system", "action": "logout", "timestamp": "2025-11-22T12:53:01.375022+00:00", "details": {"user_id": "5", "user_email": "adonis.douramanis@gmail.com", "user_username": "adonis.douramanis@gmail.com", "group": "system", "action": "logout", "timestamp": "2025-11-22T12:53:01.375022+00:00", "ip_address": "127.0.0.1", "details": {"email": "adonis.douramanis@gmail.com", "username": "adonis.douramanis@gmail.com"}, "description": "Αποσύνδεση χρήστη"}}
{"user_id": "ngDiP2lBsRNoEfSC9Mez4TTPJM53", "group": "system", "action": "user_login_attempt", "timestamp": "2025-11-22T13:16:32.143467+00:00", "details": {"email": "adonis.douramanis@gmail.com"}}
{"user_id": "ngDiP2lBsRNoEfSC9Mez4TTPJM53", "group": "system", "action": "login", "timestamp": "2025-11-22T13:16:33.146664+00:00", "details": {"user_id": "ngDiP2lBsRNoEfSC9Mez4TTPJM53", "user_email": "adonis.douramanis@gmail.com", "user_username": "adonis.douramanis@gmail.com", "group": "system", "action": "login", "timestamp": "2025-11-22T13:16:33.146664+00:00", "ip_address": "127.0.0.1", "details": {"email": "adonis.douramanis@gmail.com", "username": "adonis.douramanis@gmail.com", "is_admin": true, "groups_count": 1}, "description": "Σύνδεση χρήστη"}}
{"user_id": "ngDiP2lBsRNoEfSC9Mez4TTPJM53", "group": "system", "action": "user_logged_in", "timestamp": "2025-11-22T13:16:33.241663+00:00", "details": {"email": "adonis.douramanis@gmail.com"}}
{"user_id": "5", "group": "system", "action": "logout", "timestamp": "2025-11-22T13:17:18.555403+00:00", "details": {"user_id": "5", "user_email": "adonis.douramanis@gmail.com", "user_username": "adonis.douramanis@gmail.com", "group": "system", "action": "logout", "timestamp": "2025-11-22T13:17:18.555403+00:00", "ip_address": "127.0.0.1", "details": {"email": "adonis.douramanis@gmail.com", "username": "adonis.douramanis@gmail.com"}, "description": "Αποσύνδεση χρήστη"}}
{"user_id": "ngDiP2lBsRNoEfSC9Mez4TTPJM53", "group": "system", "action": "user_login_attempt", "timestamp": "2025-11-22T13:18:14.802191+00:00", "details": {"email": "adonis.douramanis@gmail.com"}}
{"user_id": "ngDiP2lBsRNoEfSC9Mez4TTPJM53", "group": "system", "action": "login", "timestamp": "2025-11-22T13:18:14.894186+00:00", "details": {"user_id": "ngDiP2lBsRNoEfSC9Mez4TTPJM53", "user_email": "adonis.douramanis@gmail.com", "user_username": "adonis.douramanis@gmail.com", "group": "system", "action": "login", "timestamp": "2025-11-22T13:18:14.894186+00:00", "ip_address": "127.0.0.1", "details": {"email": "adonis.douramanis@gmail.com", "username": "adonis.douramanis@gmail.com", "is_admin": true, "groups_count": 1}, "description": "Σύνδεση χρήστη"}}
{"user_id": "ngDiP2lBsRNoEfSC9Mez4TTPJM53", "group": "system", "action": "user_logged_in", "timestamp": "2025-11-22T13:18:14.981181+00:00", "details": {"email": "adonis.douramanis@gmail.com"}}
{"user_id": "5", "group": "system", "action": "logout", "timestamp": "2025-11-22T13:23:06.268091+00:00", "details": {"user_id": "5", "user_email": "adonis.douramanis@gmail.com", "user_username": "adonis.douramanis@gmail.com", "group": "system", "action": "logout", "timestamp": "2025-11-22T13:23:06.268091+00:00", "ip_address": "127.0.0.1", "details": {"email": "adonis.douramanis@gmail.com", "username": "adonis.douramanis@gmail.com"}, "description": "Αποσύνδεση χρήστη"}}
{"user_id": "ngDiP2lBsRNoEfSC9Mez4TTPJM53", "group": "system", "action": "user_login_attempt", "timestamp": "2025-11-22T13:28:41.020555+00:00", "details": {"email": "adonis.douramanis@gmail.com"}}
{"user_id": "ngDiP2lBsRNoEfSC9Mez4TTPJM53", "group": "system", "action": "login", "timestamp": "2025-11-22T13:28:41.262012+00:00", "details": {"user_id": "ngDiP2lBsRNoEfSC9Mez4TTPJM53", "user_email": "adonis.douramanis@gmail.com", "user_username": "adonis.douramanis@gmail.com", "group": "system", "action": "login", "timestamp": "2025-11-22T13:28:41.262012+00:00", "ip_address": "127.0.0.1", "details": {"email": "adonis.douramanis@gmail.com", "username": "adonis.douramanis@gmail.com", "is_admin": true, "groups_count": 1}, "description": "Σύνδεση χρήστη"}}
{"user_id": "ngDiP2lBsRNoEfSC9Mez4TTPJM53", "group": "system", "action": "user_logged_in", "timestamp": "2025-11-22T13:28:41.348979+00:00", "details": {"email": "adonis.douramanis@gmail.com"}}
{"user_id": "5", "group": "system", "action": "logout", "timestamp": "2025-11-22T13:29:03.013566+00:00", "details": {"user_id": "5", "user_email": "adonis.douramanis@gmail.com", "user_username": "adonis.douramanis@gmail.com", "group": "system", "action": "logout", "timestamp": "2025-11-22T13:29:03.013566+00:00", "ip_address": "127.0.0.1", "details": {"email": "adonis.douramanis@gmail.com", "username": "adonis.douramanis@gmail.com"}, "description": "Αποσύνδεση χρήστη"}}
{"user_id": "ngDiP2lBsRNoEfSC9Mez4TTPJM53", "group": "system", "action": "user_login_attempt", "timestamp": "2025-11-22T13:32:13.010612+00:00", "details": {"email": "adonis.douramanis@gmail.com"}}
{"user_id": "ngDiP2lBsRNoEfSC9Mez4TTPJM53", "group": "system", "action": "login", "timestamp": "2025-11-22T13:32:13.207104+00:00", "details": {"user_id": "ngDiP2lBsRNoEfSC9Mez4TTPJM53", "user_email": "adonis.douramanis@gmail.com", "user_username": "adonis.douramanis@gmail.com", "group": "system", "action": "login", "timestamp": "2025-11-22T13:32:13.207104+00:00", "ip_address": "127.0.0.1", "details": {"email": "adonis.douramanis@gmail.com", "username": "adonis.douramanis@gmail.com", "is_admin": true, "groups_count": 1}, "description": "Σύνδεση χρήστη"}}
{"user_id": "ngDiP2lBsRNoEfSC9Mez4TTPJM53", "group": "system", "action": "user_logged_in", "timestamp": "2025-11-22T13:32:13.306387+00:00", "details": {"email": "adonis.douramanis@gmail.com"}}
{"user_id": "5", "group": "system", "action": "logout", "timestamp": "2025-11-22T13:35:29.735993+00:00", "details": {"user_id": "5", "user_email": "adonis.douramanis@gmail.com", "user_username": "adonis.douramanis@gmail.com", "group": "system", "action": "logout", "timestamp": "2025-11-22T13:35:29.735993+00:00", "ip_address": "127.0.0.1", "details": {"email": "adonis.douramanis@gmail.com", "username": "adonis.douramanis@gmail.com"}, "description": "Αποσύνδεση χρήστη"}}
{"user_id": "ngDiP2lBsRNoEfSC9Mez4TTPJM53", "group": "system", "action": "user_login_attempt", "timestamp": "2025-11-22T13:38:00.224251+00:00", "details": {"email": "adonis.douramanis@gmail.com"}}
{"user_id": "ngDiP2lBsRNoEfSC9Mez4TTPJM53", "group": "system", "action": "login", "timestamp": "2025-11-22T13:38:00.407802+00:00", "details": {"user_id": "ngDiP2lBsRNoEfSC9Mez4TTPJM53", "user_email": "adonis.douramanis@gmail.com", "user_username": "adonis.douramanis@gmail.com", "group": "system", "action": "login", "timestamp": "2025-11-22T13:38:00.407802+00:00", "ip_address": "127.0.0.1", "details": {"email": "adonis.douramanis@gmail.com", "username": "adonis.douramanis@gmail.com", "is_admin": true, "groups_count": 1}, "description": "Σύνδεση χρήστη"}}
{"user_id": "ngDiP2lBsRNoEfSC9Mez4TTPJM53", "group": "system", "action": "user_logged_in", "timestamp": "2025-11-22T13:38:00.497298+00:00", "details": {"email": "adonis.douramanis@gmail.com"}}
{"user_id": "5", "group": "system", "action": "logout", "timestamp": "2025-11-22T13:38:07.792927+00:00", "details": {"user_id": "5", "user_email": "adonis.douramanis@gmail.com", "user_username": "adonis.douramanis@gmail.com", "group": "system", "action": "logout", "timestamp": "2025-11-22T13:38:07.792927+00:00", "ip_address": "127.0.0.1", "details": {"email": "adonis.douramanis@gmail.com", "username": "adonis.douramanis@gmail.com"}, "description": "Αποσύνδεση χρήστη"}}
{"user_id": "ngDiP2lBsRNoEfSC9Mez4TTPJM53", "group": "system", "action": "user_login_attempt", "timestamp": "2025-11-22T13:41:45.121451+00:00", "details": {"email": "adonis.douramanis@gmail.com"}}
{"user_id": "ngDiP2lBsRNoEfSC9Mez4TTPJM53", "group": "system", "action": "login", "timestamp": "2025-11-22T13:41:45.407970+00:00", "details": {"user_id": "ngDiP2lBsRNoEfSC9Mez4TTPJM53", "user_email": "adonis.douramanis@gmail.com", "user_username": "adonis.douramanis@gmail.com", "group": "system", "action": "login", "timestamp": "2025-11-22T13:41:45.407970+00:00", "ip_address": "127.0.0.1", "details": {"email": "adonis.douramanis@gmail.com", "username": "adonis.douramanis@gmail.com", "is_admin": true, "groups_count": 1}, "description": "Σύνδεση χρήστη"}}
{"user_id": "ngDiP2lBsRNoEfSC9Mez4TTPJM53", "group": "system", "action": "user_logged_in", "timestamp": "2025-11-22T13:41:45.501967+00:00", "details": {"email": "adonis.douramanis@gmail.com"}}
{"user_id": "5", "group": "system", "action": "logout", "timestamp": "2025-11-22T13:58:12.792634+00:00", "details": {"user_id": "5", "user_email": "adonis.douramanis@gmail.com", "user_username": "adonis.douramanis@gmail.com", "group": "system", "action": "logout", "timestamp": "2025-11-22T13:58:12.792634+00:00", "ip_address": "127.0.0.1", "details": {"email": "adonis.douramanis@gmail.com", "username": "adonis.douramanis@gmail.com"}, "description": "Αποσύνδεση χρήστη"}}
{"user_id": "ngDiP2lBsRNoEfSC9Mez4TTPJM53", "group": "system", "action": "user_login_attempt", "timestamp": "2025-11-22T13:58:15.140831+00:00", "details": {"email": "adonis.douramanis@gmail.com"}}
{"user_id": "ngDiP2lBsRNoEfSC9Mez4TTPJM53", "group": "system", "action": "login", "timestamp": "2025-11-22T13:58:15.226829+00:00", "details": {"user_id": "ngDiP2lBsRNoEfSC9Mez4TTPJM53", "user_email": "adonis.douramanis@gmail.com", "user_username": "adonis.douramanis@gmail.com", "group": "system", "action": "login", "timestamp": "2025-11-22T13:58:15.226829+00:00", "ip_address": "127.0.0.1", "details": {"email": "adonis.douramanis@gmail.com", "username": "adonis.douramanis@gmail.com", "is_admin": true, "groups_count": 1}, "description": "Σύνδεση χρήστη"}}
{"user_id": "ngDiP2lBsRNoEfSC9Mez4TTPJM53", "group": "system", "action": "user_logged_in", "timestamp": "2025-11-22T13:58:15.308827+00:00", "details": {"email": "adonis.douramanis@gmail.com"}}
{"user_id": "ngDiP2lBsRNoEfSC9Mez4TTPJM53", "group": "system", "action": "user_login_attempt", "timestamp": "2025-11-22T22:15:09.859709+00:00", "details": {"email": "adonis.douramanis@gmail.com"}}
{"user_id": "ngDiP2lBsRNoEfSC9Mez4TTPJM53", "group": "system", "action": "login", "timestamp": "2025-11-22T22:15:10.197209+00:00", "details": {"user_id": "ngDiP2lBsRNoEfSC9Mez4TTPJM53", "user_email": "adonis.douramanis@gmail.com", "user_username": "adonis.douramanis@gmail.com", "group": "system", "action": "login", "timestamp": "2025-11-22T22:15:10.197209+00:00", "ip_address": "127.0.0.1", "details": {"email": "adonis.douramanis@gmail.com", "username": "adonis.douramanis@gmail.com", "is_admin": true, "groups_count": 1}, "description": "Σύνδεση χρήστη"}}
{"user_id": "ngDiP2lBsRNoEfSC9Mez4TTPJM53", "group": "system", "action": "user_logged_in", "timestamp": "2025-11-22T22:15:10.288709+00:00", "details": {"email": "adonis.douramanis@gmail.com"}}
{"user_id": "5", "group": "system", "action": "logout", "timestamp": "2025-11-22T22:15:32.943698+00:00", "details": {"user_id": "5", "user_email": "adonis.douramanis@gmail.com", "user_username": "adonis.douramanis@gmail.com", "group": "system", "action": "logout", "timestamp": "2025-11-22T22:15:32.943698+00:00", "ip_address": "127.0.0.1", "details": {"email": "adonis.douramanis@gmail.com", "username": "adonis.douramanis@gmail.com"}, "description": "Αποσύνδεση χρήστη"}}
{"user_id": "ngDiP2lBsRNoEfSC9Mez4TTPJM53", "group": "system", "action": "user_login_attempt", "timestamp": "2025-11-22T22:19:59.578074+00:00", "details": {"email": "adonis.douramanis@gmail.com"}}
{"user_id": "ngDiP2lBsRNoEfSC9Mez4TTPJM53", "group": "system", "action": "login", "timestamp": "2025-11-22T22:19:59.755074+00:00", "details": {"user_id": "ngDiP2lBsRNoEfSC9Mez4TTPJM53", "user_email": "adonis.douramanis@gmail.com", "user_username": "adonis.douramanis@gmail.com", "group": "system", "action": "login", "timestamp": "2025-11-22T22:19:59.755074+00:00", "ip_address": "127.0.0.1", "details": {"email": "adonis.douramanis@gmail.com", "username": "adonis.douramanis@gmail.com", "is_admin": true, "groups_count": 1}, "description": "Σύνδεση χρήστη"}}
{"user_id": "ngDiP2lBsRNoEfSC9Mez4TTPJM53", "group": "system", "action": "user_logged_in", "timestamp": "2025-11-22T22:19:59.846074+00:00", "details": {"email": "adonis.douramanis@gmail.com"}}
{"user_id": "5", "group": "system", "action": "logout", "timestamp": "2025-11-22T22:20:14.077567+00:00", "details": {"user_id": "5", "user_email": "adonis.douramanis@gmail.com", "user_username": "adonis.douramanis@gmail.com", "group": "system", "action": "logout", "timestamp": "2025-11-22T22:20:14.077567+00:00", "ip_address": "127.0.0.1", "details": {"email": "adonis.douramanis@gmail.com", "username": "adonis.douramanis@gmail.com"}, "description": "Αποσύνδεση χρήστη"}}
{"user_id": "t04dm47o8eQwopvBmQV9Jd1dtDt2", "group": "system", "action": "user_registered", "timestamp": "2025-11-22T22:27:50.060856+00:00", "details": {"email": "douradonis@hotmail.com"}}
{"user_id": "douradonis@hotmail.com", "group": "system", "action": "verification_email_sent", "timestamp": "2025-11-22T22:27:51.958854+00:00", "details": {"email": "douradonis@hotmail.com", "timestamp": "2025-11-22T22:27:51.958854+00:00"}}
{"user_id": "t04dm47o8eQwopvBmQV9Jd1dtDt2", "group": "system", "action": "user_signup_complete", "timestamp": "2025-11-22T22:27:52.050354+00:00", "details": {"email": "douradonis@hotmail.com", "verification_email_sent": true}}
{"user_id": "t04dm47o8eQwopvBmQV9Jd1dtDt2", "group": "system", "action": "user_login_attempt", "timestamp": "2025-11-22T22:28:16.867343+00:00", "details": {"email": "douradonis@hotmail.com"}}
{"user_id": "t04dm47o8eQwopvBmQV9Jd1dtDt2", "group": "system", "action": "login", "timestamp": "2025-11-22T22:28:17.166843+00:00", "details": {"user_id": "t04dm47o8eQwopvBmQV9Jd1dtDt2", "user_email": "douradonis@hotmail.com", "user_username": "douradonis@hotmail.com", "group": "system", "action": "login", "timestamp": "2025-11-22T22:28:17.166843+00:00", "ip_address": "127.0.0.1", "details": {"email": "douradonis@hotmail.com", "username": "douradonis@hotmail.com", "is_admin": false, "groups_count": 0}, "description": "Σύνδεση χρήστη"}}
{"user_id": "t04dm47o8eQwopvBmQV9Jd1dtDt2", "group": "system", "action": "user_logged_in", "timestamp": "2025-11-22T22:28:17.252842+00:00", "details": {"email": "douradonis@hotmail.com"}}
{"user_id": "6", "group": "system", "action": "logout", "timestamp": "2025-11-22T22:31:15.960772+00:00", "details": {"user_id": "6", "user_email": "douradonis@hotmail.com", "user_username": "douradonis@hotmail.com", "group": "system", "action": "logout", "timestamp": "2025-11-22T22:31:15.960772+00:00", "ip_address": "127.0.0.1", "details": {"email": "douradonis@hotmail.com", "username": "douradonis@hotmail.com"}, "description": "Αποσύνδεση χρήστη"}}
{"user_id": "ngDiP2lBsRNoEfSC9Mez4TTPJM53", "group": "system", "action": "user_login_attempt", "timestamp": "2025-11-22T22:31:21.691769+00:00", "details": {"email": "adonis.douramanis@gmail.com"}}
{"user_id": "ngDiP2lBsRNoEfSC9Mez4TTPJM53", "group": "system", "action": "login", "timestamp": "2025-11-22T22:31:21.773770+00:00", "details": {"user_id": "ngDiP2lBsRNoEfSC9Mez4TTPJM53", "user_email": "adonis.douramanis@gmail.com", "user_username": "adonis.douramanis@gmail.com", "group": "system", "action": "login", "timestamp": "2025-11-22T22:31:21.773770+00:00", "ip_address": "127.0.0.1", "details": {"email": "adonis.douramanis@gmail.com", "username": "adonis.douramanis@gmail.com", "is_admin": true, "groups_count": 1}, "description": "Σύνδεση χρήστη"}}
{"user_id": "ngDiP2lBsRNoEfSC9Mez4TTPJM53", "group": "system", "action": "user_logged_in", "timestamp": "2025-11-22T22:31:21.857769+00:00", "details": {"email": "adonis.douramanis@gmail.com"}}
{"user_id": "5", "group": "system", "action": "logout", "timestamp": "2025-11-22T23:57:17.433393+00:00", "details": {"user_id": "5", "user_email": "adonis.douramanis@gmail.com", "user_username": "adonis.douramanis@gmail.com", "group": "system", "action": "logout", "timestamp": "2025-11-22T23:57:17.433393+00:00", "ip_address": "127.0.0.1", "details": {"email": "adonis.douramanis@gmail.com", "username": "adonis.douramanis@gmail.com"}, "description": "Αποσύνδεση χρήστη"}}
{"user_id": "ngDiP2lBsRNoEfSC9Mez4TTPJM53", "group": "system", "action": "user_login_attempt", "timestamp": "2025-11-22T23:57:19.356893+00:00", "details": {"email": "adonis.douramanis@gmail.com"}}
{"user_id": "ngDiP2lBsRNoEfSC9Mez4TTPJM53", "group": "system", "action": "login", "timestamp": "2025-11-22T23:57:19.446393+00:00", "details": {"user_id": "ngDiP2lBsRNoEfSC9Mez4TTPJM53", "user_email": "adonis.douramanis@gmail.com", "user_username": "adonis.douramanis@gmail.com", "group": "system", "action": "login", "timestamp": "2025-11-22T23:57:19.446393+00:00", "ip_address": "127.0.0.1", "details": {"email": "adonis.douramanis@gmail.com", "username": "adonis.douramanis@gmail.com", "is_admin": true, "groups_count": 1}, "description": "Σύνδεση χρήστη"}}
{"user_id": "ngDiP2lBsRNoEfSC9Mez4TTPJM53", "group": "system", "action": "user_logged_in", "timestamp": "2025-11-22T23:57:19.526393+00:00", "details": {"email": "adonis.douramanis@gmail.com"}}
{"user_id": "ngDiP2lBsRNoEfSC9Mez4TTPJM53", "group": "system", "action": "user_login_attempt", "timestamp": "2025-11-23T11:53:00.750317+00:00", "details": {"email": "adonis.douramanis@gmail.com"}}
{"user_id": "ngDiP2lBsRNoEfSC9Mez4TTPJM53", "group": "system", "action": "login", "timestamp": "2025-11-23T11:53:01.795817+00:00", "details": {"user_id": "ngDiP2lBsRNoEfSC9Mez4TTPJM53", "user_email": "adonis.douramanis@gmail.com", "user_username": "adonis.douramanis@gmail.com", "group": "system", "action": "login", "timestamp": "2025-11-23T11:53:01.795817+00:00", "ip_address": "127.0.0.1", "details": {"email": "adonis.douramanis@gmail.com", "username": "adonis.douramanis@gmail.com", "is_admin": true, "groups_count": 1}, "description": "Σύνδεση χρήστη"}}
{"user_id": "ngDiP2lBsRNoEfSC9Mez4TTPJM53", "group": "system", "action": "user_logged_in", "timestamp": "2025-11-23T11:53:01.891317+00:00", "details": {"email": "adonis.douramanis@gmail.com"}}
{"user_id": "ngDiP2lBsRNoEfSC9Mez4TTPJM53", "group": "system", "action": "user_login_attempt", "timestamp": "2025-11-23T22:10:45.332673+00:00", "details": {"email": "adonis.douramanis@gmail.com"}}
{"user_id": "ngDiP2lBsRNoEfSC9Mez4TTPJM53", "group": "system", "action": "login", "timestamp": "2025-11-23T22:10:45.513623+00:00", "details": {"user_id": "ngDiP2lBsRNoEfSC9Mez4TTPJM53", "user_email": "adonis.douramanis@gmail.com", "user_username": "adonis.douramanis@gmail.com", "group": "system", "action": "login", "timestamp": "2025-11-23T22:10:45.513519+00:00", "ip_address": "127.0.0.1", "details": {"email": "adonis.douramanis@gmail.com", "username": "adonis.douramanis@gmail.com", "is_admin": true, "groups_count": 1}, "description": "Σύνδεση χρήστη"}}
{"user_id": "ngDiP2lBsRNoEfSC9Mez4TTPJM53", "group": "system", "action": "user_logged_in", "timestamp": "2025-11-23T22:10:45.576855+00:00", "details": {"email": "adonis.douramanis@gmail.com"}}
{"user_id": "ngDiP2lBsRNoEfSC9Mez4TTPJM53", "group": "system", "action": "user_login_attempt", "timestamp": "2025-11-24T11:08:56.648001+00:00", "details": {"email": "adonis.douramanis@gmail.com"}}
{"user_id": "ngDiP2lBsRNoEfSC9Mez4TTPJM53", "group": "system", "action": "login", "timestamp": "2025-11-24T11:08:56.753573+00:00", "details": {"user_id": "ngDiP2lBsRNoEfSC9Mez4TTPJM53", "user_email": "adonis.douramanis@gmail.com", "user_username": "adonis.douramanis@gmail.com", "group": "system", "action": "login", "timestamp": "2025-11-24T11:08:56.753549+00:00", "ip_address": "127.0.0.1", "details": {"email": "adonis.douramanis@gmail.com", "username": "adonis.douramanis@gmail.com", "is_admin": true, "groups_count": 1}, "description": "Σύνδεση χρήστη"}}
{"user_id": "ngDiP2lBsRNoEfSC9Mez4TTPJM53", "group": "system", "action": "user_logged_in", "timestamp": "2025-11-24T11:08:56.791316+00:00", "details": {"email": "adonis.douramanis@gmail.com"}}
{"user_id": "ngDiP2lBsRNoEfSC9Mez4TTPJM53", "group": "system", "action": "user_login_attempt", "timestamp": "2025-11-24T16:32:50.539348+00:00", "details": {"email": "adonis.douramanis@gmail.com"}}
{"user_id": "ngDiP2lBsRNoEfSC9Mez4TTPJM53", "group": "system", "action": "login", "timestamp": "2025-11-24T16:32:50.869848+00:00", "details": {"user_id": "ngDiP2lBsRNoEfSC9Mez4TTPJM53", "user_email": "adonis.douramanis@gmail.com", "user_username": "adonis.douramanis@gmail.com", "group": "system", "action": "login", "timestamp": "2025-11-24T16:32:50.869848+00:00", "ip_address": "127.0.0.1", "details": {"email": "adonis.douramanis@gmail.com", "username": "adonis.douramanis@gmail.com", "is_admin": true, "groups_count": 1}, "description": "Σύνδεση χρήστη"}}
{"user_id": "ngDiP2lBsRNoEfSC9Mez4TTPJM53", "group": "system", "action": "user_logged_in", "timestamp": "2025-11-24T16:32:50.996848+00:00", "details": {"email": "adonis.douramanis@gmail.com"}}
{"user_id": "ngDiP2lBsRNoEfSC9Mez4TTPJM53", "group": "system", "action": "user_login_attempt", "timestamp": "2025-11-24T21:01:51.222984+00:00", "details": {"email": "adonis.douramanis@gmail.com"}}
{"user_id": "ngDiP2lBsRNoEfSC9Mez4TTPJM53", "group": "system", "action": "login", "timestamp": "2025-11-24T21:01:51.486984+00:00", "details": {"user_id": "ngDiP2lBsRNoEfSC9Mez4TTPJM53", "user_email": "adonis.douramanis@gmail.com", "user_username": "adonis.douramanis@gmail.com", "group": "system", "action": "login", "timestamp": "2025-11-24T21:01:51.486984+00:00", "ip_address": "127.0.0.1", "details": {"email": "adonis.douramanis@gmail.com", "username": "adonis.douramanis@gmail.com", "is_admin": true, "groups_count": 1}, "description": "Σύνδεση χρήστη"}}
{"user_id": "ngDiP2lBsRNoEfSC9Mez4TTPJM53", "group": "system", "action": "user_logged_in", "timestamp": "2025-11-24T21:01:51.578984+00:00", "details": {"email": "adonis.douramanis@gmail.com"}}
{"user_id": "ngDiP2lBsRNoEfSC9Mez4TTPJM53", "group": "system", "action": "user_login_attempt", "timestamp": "2025-11-25T06:04:45.376720+00:00", "details": {"email": "adonis.douramanis@gmail.com"}}
{"user_id": "ngDiP2lBsRNoEfSC9Mez4TTPJM53", "group": "system", "action": "login", "timestamp": "2025-11-25T06:04:45.603195+00:00", "details": {"user_id": "ngDiP2lBsRNoEfSC9Mez4TTPJM53", "user_email": "adonis.douramanis@gmail.com", "user_username": "adonis.douramanis@gmail.com", "group": "system", "action": "login", "timestamp": "2025-11-25T06:04:45.603162+00:00", "ip_address": "127.0.0.1", "details": {"email": "adonis.douramanis@gmail.com", "username": "adonis.douramanis@gmail.com", "is_admin": true, "groups_count": 1}, "description": "Σύνδεση χρήστη"}}
{"user_id": "ngDiP2lBsRNoEfSC9Mez4TTPJM53", "group": "system", "action": "user_logged_in", "timestamp": "2025-11-25T06:04:45.642193+00:00", "details": {"email": "adonis.douramanis@gmail.com"}}
{"user_id": "ngDiP2lBsRNoEfSC9Mez4TTPJM53", "group": "system", "action": "user_login_attempt", "timestamp": "2025-11-25T15:38:52.835716+00:00", "details": {"email": "adonis.douramanis@gmail.com"}}
{"user_id": "ngDiP2lBsRNoEfSC9Mez4TTPJM53", "group": "system", "action": "login", "timestamp": "2025-11-25T15:38:53.140216+00:00", "details": {"user_id": "ngDiP2lBsRNoEfSC9Mez4TTPJM53", "user_email": "adonis.douramanis@gmail.com", "user_username": "adonis.douramanis@gmail.com", "group": "system", "action": "login", "timestamp": "2025-11-25T15:38:53.140216+00:00", "ip_address": "127.0.0.1", "details": {"email": "adonis.douramanis@gmail.com", "username": "adonis.douramanis@gmail.com", "is_admin": true, "groups_count": 1}, "description": "Σύνδεση χρήστη"}}
{"user_id": "ngDiP2lBsRNoEfSC9Mez4TTPJM53", "group": "system", "action": "user_logged_in", "timestamp": "2025-11-25T15:38:53.231217+00:00", "details": {"email": "adonis.douramanis@gmail.com"}}
{"user_id": "ngDiP2lBsRNoEfSC9Mez4TTPJM53", "group": "system", "action": "user_login_attempt", "timestamp": "2025-11-26T16:18:53.964193+00:00", "details": {"email": "adonis.douramanis@gmail.com"}}
{"user_id": "ngDiP2lBsRNoEfSC9Mez4TTPJM53", "group": "system", "action": "login", "timestamp": "2025-11-26T16:18:55.034194+00:00", "details": {"user_id": "ngDiP2lBsRNoEfSC9Mez4TTPJM53", "user_email": "adonis.douramanis@gmail.com", "user_username": "adonis.douramanis@gmail.com", "group": "system", "action": "login", "timestamp": "2025-11-26T16:18:55.034194+00:00", "ip_address": "127.0.0.1", "details": {"email": "adonis.douramanis@gmail.com", "username": "adonis.douramanis@gmail.com", "is_admin": true, "groups_count": 1}, "description": "Σύνδεση χρήστη"}}
{"user_id": "ngDiP2lBsRNoEfSC9Mez4TTPJM53", "group": "system", "action": "user_logged_in", "timestamp": "2025-11-26T16:18:55.131694+00:00", "details": {"email": "adonis.douramanis@gmail.com"}}
{"user_id": "ngDiP2lBsRNoEfSC9Mez4TTPJM53", "group": "system", "action": "user_login_attempt", "timestamp": "2025-11-27T12:30:55.211520+00:00", "details": {"email": "adonis.douramanis@gmail.com"}}
{"user_id": "ngDiP2lBsRNoEfSC9Mez4TTPJM53", "group": "system", "action": "login", "timestamp": "2025-11-27T12:30:55.327079+00:00", "details": {"user_id": "ngDiP2lBsRNoEfSC9Mez4TTPJM53", "user_email": "adonis.douramanis@gmail.com", "user_username": "adonis.douramanis@gmail.com", "group": "system", "action": "login", "timestamp": "2025-11-27T12:30:55.327054+00:00", "ip_address": "127.0.0.1", "details": {"email": "adonis.douramanis@gmail.com", "username": "adonis.douramanis@gmail.com", "is_admin": true, "groups_count": 1}, "description": "Σύνδεση χρήστη"}}
{"user_id": "ngDiP2lBsRNoEfSC9Mez4TTPJM53", "group": "system", "action": "user_logged_in", "timestamp": "2025-11-27T12:30:55.369134+00:00", "details": {"email": "adonis.douramanis@gmail.com"}}
{"user_id": "ngDiP2lBsRNoEfSC9Mez4TTPJM53", "group": "system", "action": "user_login_attempt", "timestamp": "2025-11-28T12:46:22.766757+00:00", "details": {"email": "adonis.douramanis@gmail.com"}}
{"user_id": "ngDiP2lBsRNoEfSC9Mez4TTPJM53", "group": "system", "action": "login", "timestamp": "2025-11-28T12:46:23.043470+00:00", "details": {"user_id": "ngDiP2lBsRNoEfSC9Mez4TTPJM53", "user_email": "adonis.douramanis@gmail.com", "user_username": "adonis.douramanis@gmail.com", "group": "system", "action": "login", "timestamp": "2025-11-28T12:46:23.043437+00:00", "ip_address": "127.0.0.1", "details": {"email": "adonis.douramanis@gmail.com", "username": "adonis.douramanis@gmail.com", "is_admin": true, "groups_count": 1}, "description": "Σύνδεση χρήστη"}}
{"user_id": "ngDiP2lBsRNoEfSC9Mez4TTPJM53", "group": "system", "action": "user_logged_in", "timestamp": "2025-11-28T12:46:23.083608+00:00", "details": {"email": "adonis.douramanis@gmail.com"}}
{"user_id": "5", "group": "system", "action": "logout", "timestamp": "2025-11-28T22:22:45.403830+00:00", "details": {"user_id": "5", "user_email": "adonis.douramanis@gmail.com", "user_username": "adonis.douramanis@gmail.com", "group": "system", "action": "logout", "timestamp": "2025-11-28T22:22:45.403830+00:00", "ip_address": "127.0.0.1", "details": {"email": "adonis.douramanis@gmail.com", "username": "adonis.douramanis@gmail.com"}, "description": "Αποσύνδεση χρήστη"}}
{"user_id": "ngDiP2lBsRNoEfSC9Mez4TTPJM53", "group": "system", "action": "user_login_attempt", "timestamp": "2025-11-28T22:23:13.862316+00:00", "details": {"email": "adonis.douramanis@gmail.com"}}
{"user_id": "ngDiP2lBsRNoEfSC9Mez4TTPJM53", "group": "system", "action": "login", "timestamp": "2025-11-28T22:23:13.951816+00:00", "details": {"user_id": "ngDiP2lBsRNoEfSC9Mez4TTPJM53", "user_email": "adonis.douramanis@gmail.com", "user_username": "adonis.douramanis@gmail.com", "group": "system", "action": "login", "timestamp": "2025-11-28T22:23:13.951816+00:00", "ip_address": "127.0.0.1", "details": {"email": "adonis.douramanis@gmail.com", "username": "adonis.douramanis@gmail.com", "is_admin": true, "groups_count": 1}, "description": "Σύνδεση χρήστη"}}
{"user_id": "ngDiP2lBsRNoEfSC9Mez4TTPJM53", "group": "system", "action": "user_logged_in", "timestamp": "2025-11-28T22:23:14.037317+00:00", "details": {"email": "adonis.douramanis@gmail.com"}}
{"user_id": "5", "group": "system", "action": "logout", "timestamp": "2025-11-28T22:32:42.343551+00:00", "details": {"user_id": "5", "user_email": "adonis.douramanis@gmail.com", "user_username": "adonis.douramanis@gmail.com", "group": "system", "action": "logout", "timestamp": "2025-11-28T22:32:42.343551+00:00", "ip_address": "127.0.0.1", "details": {"email": "adonis.douramanis@gmail.com", "username": "adonis.douramanis@gmail.com"}, "description": "Αποσύνδεση χρήστη"}}
{"user_id": "ngDiP2lBsRNoEfSC9Mez4TTPJM53", "group": "system", "action": "user_login_attempt", "timestamp": "2025-11-28T22:33:12.221037+00:00", "details": {"email": "adonis.douramanis@gmail.com"}}
{"user_id": "ngDiP2lBsRNoEfSC9Mez4TTPJM53", "group": "system", "action": "login", "timestamp": "2025-11-28T22:33:12.311538+00:00", "details": {"user_id": "ngDiP2lBsRNoEfSC9Mez4TTPJM53", "user_email": "adonis.douramanis@gmail.com", "user_username": "adonis.douramanis@gmail.com", "group": "system", "action": "login", "timestamp": "2025-11-28T22:33:12.311538+00:00", "ip_address": "127.0.0.1", "details": {"email": "adonis.douramanis@gmail.com", "username": "adonis.douramanis@gmail.com", "is_admin": true, "groups_count": 1}, "description": "Σύνδεση χρήστη"}}
{"user_id": "ngDiP2lBsRNoEfSC9Mez4TTPJM53", "group": "system", "action": "user_logged_in", "timestamp": "2025-11-28T22:33:12.398537+00:00", "details": {"email": "adonis.douramanis@gmail.com"}}
{"user_id": "5", "group": "system", "action": "logout", "timestamp": "2025-11-28T22:39:49.995352+00:00", "details": {"user_id": "5", "user_email": "adonis.douramanis@gmail.com", "user_username": "adonis.douramanis@gmail.com", "group": "system", "action": "logout", "timestamp": "2025-11-28T22:39:49.994852+00:00", "ip_address": "127.0.0.1", "details": {"email": "adonis.douramanis@gmail.com", "username": "adonis.douramanis@gmail.com"}, "description": "Αποσύνδεση χρήστη"}}
{"user_id": "ngDiP2lBsRNoEfSC9Mez4TTPJM53", "group": "system", "action": "user_login_attempt", "timestamp": "2025-11-28T22:40:16.840839+00:00", "details": {"email": "adonis.douramanis@gmail.com"}}
{"user_id": "ngDiP2lBsRNoEfSC9Mez4TTPJM53", "group": "system", "action": "login", "timestamp": "2025-11-28T22:40:16.928340+00:00", "details": {"user_id": "ngDiP2lBsRNoEfSC9Mez4TTPJM53", "user_email": "adonis.douramanis@gmail.com", "user_username": "adonis.douramanis@gmail.com", "group": "system", "action": "login", "timestamp": "2025-11-28T22:40:16.928340+00:00", "ip_address": "127.0.0.1", "details": {"email": "adonis.douramanis@gmail.com", "username": "adonis.douramanis@gmail.com", "is_admin": true, "groups_count": 1}, "description": "Σύνδεση χρήστη"}}
{"user_id": "ngDiP2lBsRNoEfSC9Mez4TTPJM53", "group": "system", "action": "user_logged_in", "timestamp": "2025-11-28T22:40:17.009339+00:00", "details": {"email": "adonis.douramanis@gmail.com"}}
{"user_id": "5", "group": "system", "action": "logout", "timestamp": "2025-11-28T22:59:21.502312+00:00", "details": {"user_id": "5", "user_email": "adonis.douramanis@gmail.com", "user_username": "adonis.douramanis@gmail.com", "group": "system", "action": "logout", "timestamp": "2025-11-28T22:59:21.502312+00:00", "ip_address": "127.0.0.1", "details": {"email": "adonis.douramanis@gmail.com", "username": "adonis.douramanis@gmail.com"}, "description": "Αποσύνδεση χρήστη"}}
{"user_id": "ngDiP2lBsRNoEfSC9Mez4TTPJM53", "group": "system", "action": "user_login_attempt", "timestamp": "2025-11-28T23:00:16.942286+00:00", "details": {"email": "adonis.douramanis@gmail.com"}}
{"user_id": "ngDiP2lBsRNoEfSC9Mez4TTPJM53", "group": "system", "action": "login", "timestamp": "2025-11-28T23:00:17.040786+00:00", "details": {"user_id": "ngDiP2lBsRNoEfSC9Mez4TTPJM53", "user_email": "adonis.douramanis@gmail.com", "user_username": "adonis.douramanis@gmail.com", "group": "system", "action": "login", "timestamp": "2025-11-28T23:00:17.040786+00:00", "ip_address": "127.0.0.1", "details": {"email": "adonis.douramanis@gmail.com", "username": "adonis.douramanis@gmail.com", "is_admin": true, "groups_count": 1}, "description": "Σύνδεση χρήστη"}}
{"user_id": "ngDiP2lBsRNoEfSC9Mez4TTPJM53", "group": "system", "action": "user_logged_in", "timestamp": "2025-11-28T23:00:17.131786+00:00", "details": {"email": "adonis.douramanis@gmail.com"}}
{"user_id": "5", "group": "system", "action": "logout", "timestamp": "2025-11-28T23:05:15.117647+00:00", "details": {"user_id": "5", "user_email": "adonis.douramanis@gmail.com", "user_username": "adonis.douramanis@gmail.com", "group": "system", "action": "logout", "timestamp": "2025-11-28T23:05:15.117647+00:00", "ip_address": "127.0.0.1", "details": {"email": "adonis.douramanis@gmail.com", "username": "adonis.douramanis@gmail.com"}, "description": "Αποσύνδεση χρήστη"}}
{"user_id": "ngDiP2lBsRNoEfSC9Mez4TTPJM53", "group": "system", "action": "user_login_attempt", "timestamp": "2025-11-28T23:05:23.361143+00:00", "details": {"email": "adonis.douramanis@gmail.com"}}
{"user_id": "ngDiP2lBsRNoEfSC9Mez4TTPJM53", "group": "system", "action": "login", "timestamp": "2025-11-28T23:05:23.459143+00:00", "details": {"user_id": "ngDiP2lBsRNoEfSC9Mez4TTPJM53", "user_email": "adonis.douramanis@gmail.com", "user_username": "adonis.douramanis@gmail.com", "group": "system", "action": "login", "timestamp": "2025-11-28T23:05:23.458643+00:00", "ip_address": "127.0.0.1", "details": {"email": "adonis.douramanis@gmail.com", "username": "adonis.douramanis@gmail.com", "is_admin": true, "groups_count": 1}, "description": "Σύνδεση χρήστη"}}
{"user_id": "ngDiP2lBsRNoEfSC9Mez4TTPJM53", "group": "system", "action": "user_logged_in", "timestamp": "2025-11-28T23:05:25.093142+00:00", "details": {"email": "adonis.douramanis@gmail.com"}}
{"user_id": "5", "group": "system", "action": "logout", "timestamp": "2025-11-28T23:07:12.383592+00:00", "details": {"user_id": "5", "user_email": "adonis.douramanis@gmail.com", "user_username": "adonis.douramanis@gmail.com", "group": "system", "action": "logout", "timestamp": "2025-11-28T23:07:12.383592+00:00", "ip_address": "127.0.0.1", "details": {"email": "adonis.douramanis@gmail.com", "username": "adonis.douramanis@gmail.com"}, "description": "Αποσύνδεση χρήστη"}}
{"user_id": "ngDiP2lBsRNoEfSC9Mez4TTPJM53", "group": "system", "action": "user_login_attempt", "timestamp": "2025-11-28T23:07:28.974584+00:00", "details": {"email": "adonis.douramanis@gmail.com"}}
{"user_id": "ngDiP2lBsRNoEfSC9Mez4TTPJM53", "group": "system", "action": "login", "timestamp": "2025-11-28T23:07:29.069585+00:00", "details": {"user_id": "ngDiP2lBsRNoEfSC9Mez4TTPJM53", "user_email": "adonis.douramanis@gmail.com", "user_username": "adonis.douramanis@gmail.com", "group": "system", "action": "login", "timestamp": "2025-11-28T23:07:29.069585+00:00", "ip_address": "127.0.0.1", "details": {"email": "adonis.douramanis@gmail.com", "username": "adonis.douramanis@gmail.com", "is_admin": true, "groups_count": 1}, "description": "Σύνδεση χρήστη"}}
{"user_id": "ngDiP2lBsRNoEfSC9Mez4TTPJM53", "group": "system", "action": "user_logged_in", "timestamp": "2025-11-28T23:07:29.160585+00:00", "details": {"email": "adonis.douramanis@gmail.com"}}
{"user_id": "5", "group": "system", "action": "logout", "timestamp": "2025-11-28T23:12:51.409940+00:00", "details": {"user_id": "5", "user_email": "adonis.douramanis@gmail.com", "user_username": "adonis.douramanis@gmail.com", "group": "system", "action": "logout", "timestamp": "2025-11-28T23:12:51.409940+00:00", "ip_address": "127.0.0.1", "details": {"email": "adonis.douramanis@gmail.com", "username": "adonis.douramanis@gmail.com"}, "description": "Αποσύνδεση χρήστη"}}
{"user_id": "ngDiP2lBsRNoEfSC9Mez4TTPJM53", "group": "system", "action": "user_login_attempt", "timestamp": "2025-11-28T23:13:30.527422+00:00", "details": {"email": "adonis.douramanis@gmail.com"}}
{"user_id": "ngDiP2lBsRNoEfSC9Mez4TTPJM53", "group": "system", "action": "login", "timestamp": "2025-11-28T23:13:30.618422+00:00", "details": {"user_id": "ngDiP2lBsRNoEfSC9Mez4TTPJM53", "user_email": "adonis.douramanis@gmail.com", "user_username": "adonis.douramanis@gmail.com", "group": "system", "action": "login", "timestamp": "2025-11-28T23:13:30.618422+00:00", "ip_address": "127.0.0.1", "details": {"email": "adonis.douramanis@gmail.com", "username": "adonis.douramanis@gmail.com", "is_admin": true, "groups_count": 1}, "description": "Σύνδεση χρήστη"}}
{"user_id": "ngDiP2lBsRNoEfSC9Mez4TTPJM53", "group": "system", "action": "user_logged_in", "timestamp": "2025-11-28T23:13:30.705422+00:00", "details": {"email": "adonis.douramanis@gmail.com"}}
{"user_id": "5", "group": "system", "action": "logout", "timestamp": "2025-11-28T23:20:39.659722+00:00", "details": {"user_id": "5", "user_email": "adonis.douramanis@gmail.com", "user_username": "adonis.douramanis@gmail.com", "group": "system", "action": "logout", "timestamp": "2025-11-28T23:20:39.659722+00:00", "ip_address": "127.0.0.1", "details": {"email": "adonis.douramanis@gmail.com", "username": "adonis.douramanis@gmail.com"}, "description": "Αποσύνδεση χρήστη"}}
{"user_id": "ngDiP2lBsRNoEfSC9Mez4TTPJM53", "group": "system", "action": "user_login_attempt", "timestamp": "2025-11-28T23:21:03.859711+00:00", "details": {"email": "adonis.douramanis@gmail.com"}}
{"user_id": "ngDiP2lBsRNoEfSC9Mez4TTPJM53", "group": "system", "action": "login", "timestamp": "2025-11-28T23:21:03.946711+00:00", "details": {"user_id": "ngDiP2lBsRNoEfSC9Mez4TTPJM53", "user_email": "adonis.douramanis@gmail.com", "user_username": "adonis.douramanis@gmail.com", "group": "system", "action": "login", "timestamp": "2025-11-28T23:21:03.946711+00:00", "ip_address": "127.0.0.1", "details": {"email": "adonis.douramanis@gmail.com", "username": "adonis.douramanis@gmail.com", "is_admin": true, "groups_count": 1}, "description": "Σύνδεση χρήστη"}}
{"user_id": "ngDiP2lBsRNoEfSC9Mez4TTPJM53", "group": "system", "action": "user_logged_in", "timestamp": "2025-11-28T23:21:04.037211+00:00", "details": {"email": "adonis.douramanis@gmail.com"}}
{"user_id": "5", "group": "system", "action": "logout", "timestamp": "2025-11-28T23:22:37.224668+00:00", "details": {"user_id": "5", "user_email": "adonis.douramanis@gmail.com", "user_username": "adonis.douramanis@gmail.com", "group": "system", "action": "logout", "timestamp": "2025-11-28T23:22:37.224668+00:00", "ip_address": "127.0.0.1", "details": {"email": "adonis.douramanis@gmail.com", "username": "adonis.douramanis@gmail.com"}, "description": "Αποσύνδεση χρήστη"}}
{"user_id": "ngDiP2lBsRNoEfSC9Mez4TTPJM53", "group": "system", "action": "user_login_attempt", "timestamp": "2025-11-28T23:22:57.095158+00:00", "details": {"email": "adonis.douramanis@gmail.com"}}
{"user_id": "ngDiP2lBsRNoEfSC9Mez4TTPJM53", "group": "system", "action": "login", "timestamp": "2025-11-28T23:22:57.183158+00:00", "details": {"user_id": "ngDiP2lBsRNoEfSC9Mez4TTPJM53", "user_email": "adonis.douramanis@gmail.com", "user_username": "adonis.douramanis@gmail.com", "group": "system", "action": "login", "timestamp": "2025-11-28T23:22:57.183158+00:00", "ip_address": "127.0.0.1", "details": {"email": "adonis.douramanis@gmail.com", "username": "adonis.douramanis@gmail.com", "is_admin": true, "groups_count": 1}, "description": "Σύνδεση χρήστη"}}
{"user_id": "ngDiP2lBsRNoEfSC9Mez4TTPJM53", "group": "system", "action": "user_logged_in", "timestamp": "2025-11-28T23:22:57.269658+00:00", "details": {"email": "adonis.douramanis@gmail.com"}}
{"user_id": "5", "group": "system", "action": "logout", "timestamp": "2025-11-28T23:28:10.214215+00:00", "details": {"user_id": "5", "user_email": "adonis.douramanis@gmail.com", "user_username": "adonis.douramanis@gmail.com", "group": "system", "action": "logout", "timestamp": "2025-11-28T23:28:10.214215+00:00", "ip_address": "127.0.0.1", "details": {"email": "adonis.douramanis@gmail.com", "username": "adonis.douramanis@gmail.com"}, "description": "Αποσύνδεση χρήστη"}}
{"user_id": "ngDiP2lBsRNoEfSC9Mez4TTPJM53", "group": "system", "action": "user_login_attempt", "timestamp": "2025-11-28T23:29:49.735167+00:00", "details": {"email": "adonis.douramanis@gmail.com"}}
{"user_id": "ngDiP2lBsRNoEfSC9Mez4TTPJM53", "group": "system", "action": "login", "timestamp": "2025-11-28T23:29:49.943667+00:00", "details": {"user_id": "ngDiP2lBsRNoEfSC9Mez4TTPJM53", "user_email": "adonis.douramanis@gmail.com", "user_username": "adonis.douramanis@gmail.com", "group": "system", "action": "login", "timestamp": "2025-11-28T23:29:49.943667+00:00", "ip_address": "127.0.0.1", "details": {"email": "adonis.douramanis@gmail.com", "username": "adonis.douramanis@gmail.com", "is_admin": true, "groups_count": 1}, "description": "Σύνδεση χρήστη"}}
{"user_id": "ngDiP2lBsRNoEfSC9Mez4TTPJM53", "group": "system", "action": "user_logged_in", "timestamp": "2025-11-28T23:29:50.036167+00:00", "details": {"email": "adonis.douramanis@gmail.com"}}
{"user_id": "ngDiP2lBsRNoEfSC9Mez4TTPJM53", "group": "system", "action": "user_login_attempt", "timestamp": "2025-11-28T23:31:13.867128+00:00", "details": {"email": "adonis.douramanis@gmail.com"}}
{"user_id": "ngDiP2lBsRNoEfSC9Mez4TTPJM53", "group": "system", "action": "login", "timestamp": "2025-11-28T23:31:13.959628+00:00", "details": {"user_id": "ngDiP2lBsRNoEfSC9Mez4TTPJM53", "user_email": "adonis.douramanis@gmail.com", "user_username": "adonis.douramanis@gmail.com", "group": "system", "action": "login", "timestamp": "2025-11-28T23:31:13.959628+00:00", "ip_address": "127.0.0.1", "details": {"email": "adonis.douramanis@gmail.com", "username": "adonis.douramanis@gmail.com", "is_admin": true, "groups_count": 1}, "description": "Σύνδεση χρήστη"}}
{"user_id": "ngDiP2lBsRNoEfSC9Mez4TTPJM53", "group": "system", "action": "user_logged_in", "timestamp": "2025-11-28T23:31:14.044128+00:00", "details": {"email": "adonis.douramanis@gmail.com"}}
{"user_id": "ngDiP2lBsRNoEfSC9Mez4TTPJM53", "group": "system", "action": "user_login_attempt", "timestamp": "2025-11-28T23:31:57.232108+00:00", "details": {"email": "adonis.douramanis@gmail.com"}}
{"user_id": "ngDiP2lBsRNoEfSC9Mez4TTPJM53", "group": "system", "action": "login", "timestamp": "2025-11-28T23:31:57.325108+00:00", "details": {"user_id": "ngDiP2lBsRNoEfSC9Mez4TTPJM53", "user_email": "adonis.douramanis@gmail.com", "user_username": "adonis.douramanis@gmail.com", "group": "system", "action": "login", "timestamp": "2025-11-28T23:31:57.325108+00:00", "ip_address": "127.0.0.1", "details": {"email": "adonis.douramanis@gmail.com", "username": "adonis.douramanis@gmail.com", "is_admin": true, "groups_count": 1}, "description": "Σύνδεση χρήστη"}}
{"user_id": "ngDiP2lBsRNoEfSC9Mez4TTPJM53", "group": "system", "action": "user_logged_in", "timestamp": "2025-11-28T23:31:57.413107+00:00", "details": {"email": "adonis.douramanis@gmail.com"}}
{"user_id": "ngDiP2lBsRNoEfSC9Mez4TTPJM53", "group": "system", "action": "user_login_attempt", "timestamp": "2025-11-28T23:35:03.101133+00:00", "details": {"email": "adonis.douramanis@gmail.com"}}
{"user_id": "ngDiP2lBsRNoEfSC9Mez4TTPJM53", "group": "system", "action": "login", "timestamp": "2025-11-28T23:35:03.301134+00:00", "details": {"user_id": "ngDiP2lBsRNoEfSC9Mez4TTPJM53", "user_email": "adonis.douramanis@gmail.com", "user_username": "adonis.douramanis@gmail.com", "group": "system", "action": "login", "timestamp": "2025-11-28T23:35:03.301134+00:00", "ip_address": "127.0.0.1", "details": {"email": "adonis.douramanis@gmail.com", "username": "adonis.douramanis@gmail.com", "is_admin": true, "groups_count": 1}, "description": "Σύνδεση χρήστη"}}
{"user_id": "ngDiP2lBsRNoEfSC9Mez4TTPJM53", "group": "system", "action": "user_logged_in", "timestamp": "2025-11-28T23:35:03.388633+00:00", "details": {"email": "adonis.douramanis@gmail.com"}}
{"user_id": "5", "group": "system", "action": "logout", "timestamp": "2025-11-28T23:36:04.158105+00:00", "details": {"user_id": "5", "user_email": "adonis.douramanis@gmail.com", "user_username": "adonis.douramanis@gmail.com", "group": "system", "action": "logout", "timestamp": "2025-11-28T23:36:04.158105+00:00", "ip_address": "127.0.0.1", "details": {"email": "adonis.douramanis@gmail.com", "username": "adonis.douramanis@gmail.com"}, "description": "Αποσύνδεση χρήστη"}}
{"user_id": "ngDiP2lBsRNoEfSC9Mez4TTPJM53", "group": "system", "action": "user_login_attempt", "timestamp": "2025-11-28T23:39:21.968513+00:00", "details": {"email": "adonis.douramanis@gmail.com"}}
{"user_id": "ngDiP2lBsRNoEfSC9Mez4TTPJM53", "group": "system", "action": "login", "timestamp": "2025-11-28T23:39:22.273513+00:00", "details": {"user_id": "ngDiP2lBsRNoEfSC9Mez4TTPJM53", "user_email": "adonis.douramanis@gmail.com", "user_username": "adonis.douramanis@gmail.com", "group": "system", "action": "login", "timestamp": "2025-11-28T23:39:22.273513+00:00", "ip_address": "127.0.0.1", "details": {"email": "adonis.douramanis@gmail.com", "username": "adonis.douramanis@gmail.com", "is_admin": true, "groups_count": 1}, "description": "Σύνδεση χρήστη"}}
{"user_id": "ngDiP2lBsRNoEfSC9Mez4TTPJM53", "group": "system", "action": "user_logged_in", "timestamp": "2025-11-28T23:39:22.360013+00:00", "details": {"email": "adonis.douramanis@gmail.com"}}
{"user_id": "5", "group": "system", "action": "logout", "timestamp": "2025-11-28T23:39:51.129607+00:00", "details": {"user_id": "5", "user_email": "adonis.douramanis@gmail.com", "user_username": "adonis.douramanis@gmail.com", "group": "system", "action": "logout", "timestamp": "2025-11-28T23:39:51.129607+00:00", "ip_address": "127.0.0.1", "details": {"email": "adonis.douramanis@gmail.com", "username": "adonis.douramanis@gmail.com"}, "description": "Αποσύνδεση χρήστη"}}
{"user_id": "ngDiP2lBsRNoEfSC9Mez4TTPJM53", "group": "system", "action": "user_login_attempt", "timestamp": "2025-11-28T23:40:21.896092+00:00", "details": {"email": "adonis.douramanis@gmail.com"}}
{"user_id": "ngDiP2lBsRNoEfSC9Mez4TTPJM53", "group": "system", "action": "login", "timestamp": "2025-11-28T23:40:21.982592+00:00", "details": {"user_id": "ngDiP2lBsRNoEfSC9Mez4TTPJM53", "user_email": "adonis.douramanis@gmail.com", "user_username": "adonis.douramanis@gmail.com", "group": "system", "action": "login", "timestamp": "2025-11-28T23:40:21.982592+00:00", "ip_address": "127.0.0.1", "details": {"email": "adonis.douramanis@gmail.com", "username": "adonis.douramanis@gmail.com", "is_admin": true, "groups_count": 1}, "description": "Σύνδεση χρήστη"}}
{"user_id": "ngDiP2lBsRNoEfSC9Mez4TTPJM53", "group": "system", "action": "user_logged_in", "timestamp": "2025-11-28T23:40:22.068092+00:00", "details": {"email": "adonis.douramanis@gmail.com"}}
{"user_id": "5", "group": "system", "action": "logout", "timestamp": "2025-11-28T23:40:46.140081+00:00", "details": {"user_id": "5", "user_email": "adonis.douramanis@gmail.com", "user_username": "adonis.douramanis@gmail.com", "group": "system", "action": "logout", "timestamp": "2025-11-28T23:40:46.140081+00:00", "ip_address": "127.0.0.1", "details": {"email": "adonis.douramanis@gmail.com", "username": "adonis.douramanis@gmail.com"}, "description": "Αποσύνδεση χρήστη"}}
{"user_id": "ngDiP2lBsRNoEfSC9Mez4TTPJM53", "group": "system", "action": "user_login_attempt", "timestamp": "2025-11-28T23:41:28.819561+00:00", "details": {"email": "adonis.douramanis@gmail.com"}}
{"user_id": "ngDiP2lBsRNoEfSC9Mez4TTPJM53", "group": "system", "action": "login", "timestamp": "2025-11-28T23:41:29.005561+00:00", "details": {"user_id": "ngDiP2lBsRNoEfSC9Mez4TTPJM53", "user_email": "adonis.douramanis@gmail.com", "user_username": "adonis.douramanis@gmail.com", "group": "system", "action": "login", "timestamp": "2025-11-28T23:41:29.005561+00:00", "ip_address": "127.0.0.1", "details": {"email": "adonis.douramanis@gmail.com", "username": "adonis.douramanis@gmail.com", "is_admin": true, "groups_count": 1}, "description": "Σύνδεση χρήστη"}}
{"user_id": "ngDiP2lBsRNoEfSC9Mez4TTPJM53", "group": "system", "action": "user_logged_in", "timestamp": "2025-11-28T23:41:29.087561+00:00", "details": {"email": "adonis.douramanis@gmail.com"}}
{"user_id": "5", "group": "system", "action": "logout", "timestamp": "2025-11-28T23:41:50.863051+00:00", "details": {"user_id": "5", "user_email": "adonis.douramanis@gmail.com", "user_username": "adonis.douramanis@gmail.com", "group": "system", "action": "logout", "timestamp": "2025-11-28T23:41:50.863051+00:00", "ip_address": "127.0.0.1", "details": {"email": "adonis.douramanis@gmail.com", "username": "adonis.douramanis@gmail.com"}, "description": "Αποσύνδεση χρήστη"}}
{"user_id": "ngDiP2lBsRNoEfSC9Mez4TTPJM53", "group": "system", "action": "user_login_attempt", "timestamp": "2025-11-28T23:42:59.841088+00:00", "details": {"email": "adonis.douramanis@gmail.com"}}
{"user_id": "ngDiP2lBsRNoEfSC9Mez4TTPJM53", "group": "system", "action": "login", "timestamp": "2025-11-28T23:43:00.024588+00:00", "details": {"user_id": "ngDiP2lBsRNoEfSC9Mez4TTPJM53", "user_email": "adonis.douramanis@gmail.com", "user_username": "adonis.douramanis@gmail.com", "group": "system", "action": "login", "timestamp": "2025-11-28T23:43:00.024588+00:00", "ip_address": "127.0.0.1", "details": {"email": "adonis.douramanis@gmail.com", "username": "adonis.douramanis@gmail.com", "is_admin": true, "groups_count": 1}, "description": "Σύνδεση χρήστη"}}
{"user_id": "ngDiP2lBsRNoEfSC9Mez4TTPJM53", "group": "system", "action": "user_logged_in", "timestamp": "2025-11-28T23:43:00.109088+00:00", "details": {"email": "adonis.douramanis@gmail.com"}}
{"user_id": "5", "group": "system", "action": "logout", "timestamp": "2025-11-28T23:43:22.633584+00:00", "details": {"user_id": "5", "user_email": "adonis.douramanis@gmail.com", "user_username": "adonis.douramanis@gmail.com", "group": "system", "action": "logout", "timestamp": "2025-11-28T23:43:22.633584+00:00", "ip_address": "127.0.0.1", "details": {"email": "adonis.douramanis@gmail.com", "username": "adonis.douramanis@gmail.com"}, "description": "Αποσύνδεση χρήστη"}}
{"user_id": "ngDiP2lBsRNoEfSC9Mez4TTPJM53", "group": "system", "action": "user_login_attempt", "timestamp": "2025-11-28T23:44:49.538158+00:00", "details": {"email": "adonis.douramanis@gmail.com"}}
{"user_id": "ngDiP2lBsRNoEfSC9Mez4TTPJM53", "group": "system", "action": "login", "timestamp": "2025-11-28T23:44:49.788158+00:00", "details": {"user_id": "ngDiP2lBsRNoEfSC9Mez4TTPJM53", "user_email": "adonis.douramanis@gmail.com", "user_username": "adonis.douramanis@gmail.com", "group": "system", "action": "login", "timestamp": "2025-11-28T23:44:49.788158+00:00", "ip_address": "127.0.0.1", "details": {"email": "adonis.douramanis@gmail.com", "username": "adonis.douramanis@gmail.com", "is_admin": true, "groups_count": 1}, "description": "Σύνδεση χρήστη"}}
{"user_id": "ngDiP2lBsRNoEfSC9Mez4TTPJM53", "group": "system", "action": "user_logged_in", "timestamp": "2025-11-28T23:44:49.871157+00:00", "details": {"email": "adonis.douramanis@gmail.com"}}
{"user_id": "5", "group": "system", "action": "logout", "timestamp": "2025-11-28T23:45:12.260147+00:00", "details": {"user_id": "5", "user_email": "adonis.douramanis@gmail.com", "user_username": "adonis.douramanis@gmail.com", "group": "system", "action": "logout", "timestamp": "2025-11-28T23:45:12.260147+00:00", "ip_address": "127.0.0.1", "details": {"email": "adonis.douramanis@gmail.com", "username": "adonis.douramanis@gmail.com"}, "description": "Αποσύνδεση χρήστη"}}
{"user_id": "ngDiP2lBsRNoEfSC9Mez4TTPJM53", "group": "system", "action": "user_login_attempt", "timestamp": "2025-11-28T23:46:05.775622+00:00", "details": {"email": "adonis.douramanis@gmail.com"}}
{"user_id": "ngDiP2lBsRNoEfSC9Mez4TTPJM53", "group": "system", "action": "login", "timestamp": "2025-11-28T23:46:05.976622+00:00", "details": {"user_id": "ngDiP2lBsRNoEfSC9Mez4TTPJM53", "user_email": "adonis.douramanis@gmail.com", "user_username": "adonis.douramanis@gmail.com", "group": "system", "action": "login", "timestamp": "2025-11-28T23:46:05.976622+00:00", "ip_address": "127.0.0.1", "details": {"email": "adonis.douramanis@gmail.com", "username": "adonis.douramanis@gmail.com", "is_admin": true, "groups_count": 1}, "description": "Σύνδεση χρήστη"}}
{"user_id": "ngDiP2lBsRNoEfSC9Mez4TTPJM53", "group": "system", "action": "user_logged_in", "timestamp": "2025-11-28T23:46:06.059623+00:00", "details": {"email": "adonis.douramanis@gmail.com"}}
{"user_id": "ngDiP2lBsRNoEfSC9Mez4TTPJM53", "group": "system", "action": "user_login_attempt", "timestamp": "2025-11-28T23:47:53.483572+00:00", "details": {"email": "adonis.douramanis@gmail.com"}}
{"user_id": "ngDiP2lBsRNoEfSC9Mez4TTPJM53", "group": "system", "action": "login", "timestamp": "2025-11-28T23:47:53.693072+00:00", "details": {"user_id": "ngDiP2lBsRNoEfSC9Mez4TTPJM53", "user_email": "adonis.douramanis@gmail.com", "user_username": "adonis.douramanis@gmail.com", "group": "system", "action": "login", "timestamp": "2025-11-28T23:47:53.692572+00:00", "ip_address": "127.0.0.1", "details": {"email": "adonis.douramanis@gmail.com", "username": "adonis.douramanis@gmail.com", "is_admin": true, "groups_count": 1}, "description": "Σύνδεση χρήστη"}}
{"user_id": "ngDiP2lBsRNoEfSC9Mez4TTPJM53", "group": "system", "action": "user_logged_in", "timestamp": "2025-11-28T23:47:53.780072+00:00", "details": {"email": "adonis.douramanis@gmail.com"}}
{"user_id": "ngDiP2lBsRNoEfSC9Mez4TTPJM53", "group": "system", "action": "user_login_attempt", "timestamp": "2025-11-28T23:50:52.808988+00:00", "details": {"email": "adonis.douramanis@gmail.com"}}
{"user_id": "ngDiP2lBsRNoEfSC9Mez4TTPJM53", "group": "system", "action": "login", "timestamp": "2025-11-28T23:50:53.092488+00:00", "details": {"user_id": "ngDiP2lBsRNoEfSC9Mez4TTPJM53", "user_email": "adonis.douramanis@gmail.com", "user_username": "adonis.douramanis@gmail.com", "group": "system", "action": "login", "timestamp": "2025-11-28T23:50:53.092488+00:00", "ip_address": "127.0.0.1", "details": {"email": "adonis.douramanis@gmail.com", "username": "adonis.douramanis@gmail.com", "is_admin": true, "groups_count": 1}, "description": "Σύνδεση χρήστη"}}
{"user_id": "ngDiP2lBsRNoEfSC9Mez4TTPJM53", "group": "system", "action": "user_logged_in", "timestamp": "2025-11-28T23:50:53.175988+00:00", "details": {"email": "adonis.douramanis@gmail.com"}}
{"user_id": "ngDiP2lBsRNoEfSC9Mez4TTPJM53", "group": "system", "action": "user_login_attempt", "timestamp": "2025-11-28T23:58:49.699766+00:00", "details": {"email": "adonis.douramanis@gmail.com"}}
{"user_id": "ngDiP2lBsRNoEfSC9Mez4TTPJM53", "group": "system", "action": "login", "timestamp": "2025-11-28T23:58:49.907766+00:00", "details": {"user_id": "ngDiP2lBsRNoEfSC9Mez4TTPJM53", "user_email": "adonis.douramanis@gmail.com", "user_username": "adonis.douramanis@gmail.com", "group": "system", "action": "login", "timestamp": "2025-11-28T23:58:49.907766+00:00", "ip_address": "127.0.0.1", "details": {"email": "adonis.douramanis@gmail.com", "username": "adonis.douramanis@gmail.com", "is_admin": true, "groups_count": 1}, "description": "Σύνδεση χρήστη"}}
{"user_id": "ngDiP2lBsRNoEfSC9Mez4TTPJM53", "group": "system", "action": "user_logged_in", "timestamp": "2025-11-28T23:58:50.000266+00:00", "details": {"email": "adonis.douramanis@gmail.com"}}
{"user_id": "ngDiP2lBsRNoEfSC9Mez4TTPJM53", "group": "system", "action": "user_login_attempt", "timestamp": "2025-11-29T00:01:32.874190+00:00", "details": {"email": "adonis.douramanis@gmail.com"}}
{"user_id": "ngDiP2lBsRNoEfSC9Mez4TTPJM53", "group": "system", "action": "login", "timestamp": "2025-11-29T00:01:33.075191+00:00", "details": {"user_id": "ngDiP2lBsRNoEfSC9Mez4TTPJM53", "user_email": "adonis.douramanis@gmail.com", "user_username": "adonis.douramanis@gmail.com", "group": "system", "action": "login", "timestamp": "2025-11-29T00:01:33.075191+00:00", "ip_address": "127.0.0.1", "details": {"email": "adonis.douramanis@gmail.com", "username": "adonis.douramanis@gmail.com", "is_admin": true, "groups_count": 1}, "description": "Σύνδεση χρήστη"}}
{"user_id": "ngDiP2lBsRNoEfSC9Mez4TTPJM53", "group": "system", "action": "user_logged_in", "timestamp": "2025-11-29T00:01:33.164191+00:00", "details": {"email": "adonis.douramanis@gmail.com"}}
{"user_id": "ngDiP2lBsRNoEfSC9Mez4TTPJM53", "group": "system", "action": "user_login_attempt", "timestamp": "2025-11-29T00:04:25.571610+00:00", "details": {"email": "adonis.douramanis@gmail.com"}}
{"user_id": "ngDiP2lBsRNoEfSC9Mez4TTPJM53", "group": "system", "action": "login", "timestamp": "2025-11-29T00:04:25.772610+00:00", "details": {"user_id": "ngDiP2lBsRNoEfSC9Mez4TTPJM53", "user_email": "adonis.douramanis@gmail.com", "user_username": "adonis.douramanis@gmail.com", "group": "system", "action": "login", "timestamp": "2025-11-29T00:04:25.772610+00:00", "ip_address": "127.0.0.1", "details": {"email": "adonis.douramanis@gmail.com", "username": "adonis.douramanis@gmail.com", "is_admin": true, "groups_count": 1}, "description": "Σύνδεση χρήστη"}}
{"user_id": "ngDiP2lBsRNoEfSC9Mez4TTPJM53", "group": "system", "action": "user_logged_in", "timestamp": "2025-11-29T00:04:25.861109+00:00", "details": {"email": "adonis.douramanis@gmail.com"}}
{"user_id": "t04dm47o8eQwopvBmQV9Jd1dtDt2", "group": "system", "action": "user_login_attempt", "timestamp": "2025-11-29T00:06:39.428088+00:00", "details": {"email": "douradonis@hotmail.com"}}
{"user_id": "t04dm47o8eQwopvBmQV9Jd1dtDt2", "group": "system", "action": "login", "timestamp": "2025-11-29T00:06:39.718588+00:00", "details": {"user_id": "t04dm47o8eQwopvBmQV9Jd1dtDt2", "user_email": "douradonis@hotmail.com", "user_username": "douradonis@hotmail.com", "group": "system", "action": "login", "timestamp": "2025-11-29T00:06:39.718588+00:00", "ip_address": "127.0.0.1", "details": {"email": "douradonis@hotmail.com", "username": "douradonis@hotmail.com", "is_admin": false, "groups_count": 1}, "description": "Σύνδεση χρήστη"}}
{"user_id": "t04dm47o8eQwopvBmQV9Jd1dtDt2", "group": "system", "action": "user_logged_in", "timestamp": "2025-11-29T00:06:39.802588+00:00", "details": {"email": "douradonis@hotmail.com"}}
{"user_id": "t04dm47o8eQwopvBmQV9Jd1dtDt2", "group": "system", "action": "user_login_attempt", "timestamp": "2025-11-29T00:08:01.984049+00:00", "details": {"email": "douradonis@hotmail.com"}}
{"user_id": "t04dm47o8eQwopvBmQV9Jd1dtDt2", "group": "system", "action": "login", "timestamp": "2025-11-29T00:08:02.283549+00:00", "details": {"user_id": "t04dm47o8eQwopvBmQV9Jd1dtDt2", "user_email": "douradonis@hotmail.com", "user_username": "douradonis@hotmail.com", "group": "system", "action": "login", "timestamp": "2025-11-29T00:08:02.283549+00:00", "ip_address": "127.0.0.1", "details": {"email": "douradonis@hotmail.com", "username": "douradonis@hotmail.com", "is_admin": false, "groups_count": 1}, "description": "Σύνδεση χρήστη"}}
{"user_id": "t04dm47o8eQwopvBmQV9Jd1dtDt2", "group": "system", "action": "user_logged_in", "timestamp": "2025-11-29T00:08:02.370049+00:00", "details": {"email": "douradonis@hotmail.com"}}
{"user_id": "ngDiP2lBsRNoEfSC9Mez4TTPJM53", "group": "system", "action": "user_login_attempt", "timestamp": "2025-11-29T00:08:57.100173+00:00", "details": {"email": "adonis.douramanis@gmail.com"}}
{"user_id": "ngDiP2lBsRNoEfSC9Mez4TTPJM53", "group": "system", "action": "login", "timestamp": "2025-11-29T00:08:57.185673+00:00", "details": {"user_id": "ngDiP2lBsRNoEfSC9Mez4TTPJM53", "user_email": "adonis.douramanis@gmail.com", "user_username": "adonis.douramanis@gmail.com", "group": "system", "action": "login", "timestamp": "2025-11-29T00:08:57.185673+00:00", "ip_address": "127.0.0.1", "details": {"email": "adonis.douramanis@gmail.com", "username": "adonis.douramanis@gmail.com", "is_admin": true, "groups_count": 1}, "description": "Σύνδεση χρήστη"}}
{"user_id": "ngDiP2lBsRNoEfSC9Mez4TTPJM53", "group": "system", "action": "user_logged_in", "timestamp": "2025-11-29T00:08:57.273673+00:00", "details": {"email": "adonis.douramanis@gmail.com"}}
{"user_id": "ngDiP2lBsRNoEfSC9Mez4TTPJM53", "group": "system", "action": "user_login_attempt", "timestamp": "2025-11-30T19:33:12.608128+00:00", "details": {"email": "adonis.douramanis@gmail.com"}}
{"user_id": "ngDiP2lBsRNoEfSC9Mez4TTPJM53", "group": "system", "action": "login", "timestamp": "2025-11-30T19:33:12.863128+00:00", "details": {"user_id": "ngDiP2lBsRNoEfSC9Mez4TTPJM53", "user_email": "adonis.douramanis@gmail.com", "user_username": "adonis.douramanis@gmail.com", "group": "system", "action": "login", "timestamp": "2025-11-30T19:33:12.863128+00:00", "ip_address": "127.0.0.1", "details": {"email": "adonis.douramanis@gmail.com", "username": "adonis.douramanis@gmail.com", "is_admin": true, "groups_count": 1}, "description": "Σύνδεση χρήστη"}}
{"user_id": "ngDiP2lBsRNoEfSC9Mez4TTPJM53", "group": "system", "action": "user_logged_in", "timestamp": "2025-11-30T19:33:12.952130+00:00", "details": {"email": "adonis.douramanis@gmail.com"}}
{"user_id": "ngDiP2lBsRNoEfSC9Mez4TTPJM53", "group": "system", "action": "user_login_attempt", "timestamp": "2025-11-30T20:23:48.615176+00:00", "details": {"email": "adonis.douramanis@gmail.com"}}
{"user_id": "ngDiP2lBsRNoEfSC9Mez4TTPJM53", "group": "system", "action": "login", "timestamp": "2025-11-30T20:23:48.710176+00:00", "details": {"user_id": "ngDiP2lBsRNoEfSC9Mez4TTPJM53", "user_email": "adonis.douramanis@gmail.com", "user_username": "adonis.douramanis@gmail.com", "group": "system", "action": "login", "timestamp": "2025-11-30T20:23:48.710176+00:00", "ip_address": "127.0.0.1", "details": {"email": "adonis.douramanis@gmail.com", "username": "adonis.douramanis@gmail.com", "is_admin": true, "groups_count": 1}, "description": "Σύνδεση χρήστη"}}
{"user_id": "ngDiP2lBsRNoEfSC9Mez4TTPJM53", "group": "system", "action": "user_logged_in", "timestamp": "2025-11-30T20:23:48.801175+00:00", "details": {"email": "adonis.douramanis@gmail.com"}}
{"user_id": "ngDiP2lBsRNoEfSC9Mez4TTPJM53", "group": "system", "action": "user_login_attempt", "timestamp": "2025-11-30T20:33:42.064903+00:00", "details": {"email": "adonis.douramanis@gmail.com"}}
{"user_id": "ngDiP2lBsRNoEfSC9Mez4TTPJM53", "group": "system", "action": "login", "timestamp": "2025-11-30T20:33:42.249903+00:00", "details": {"user_id": "ngDiP2lBsRNoEfSC9Mez4TTPJM53", "user_email": "adonis.douramanis@gmail.com", "user_username": "adonis.douramanis@gmail.com", "group": "system", "action": "login", "timestamp": "2025-11-30T20:33:42.249903+00:00", "ip_address": "127.0.0.1", "details": {"email": "adonis.douramanis@gmail.com", "username": "adonis.douramanis@gmail.com", "is_admin": true, "groups_count": 1}, "description": "Σύνδεση χρήστη"}}
{"user_id": "ngDiP2lBsRNoEfSC9Mez4TTPJM53", "group": "system", "action": "user_logged_in", "timestamp": "2025-11-30T20:33:42.336403+00:00", "details": {"email": "adonis.douramanis@gmail.com"}}
{"user_id": "ngDiP2lBsRNoEfSC9Mez4TTPJM53", "group": "system", "action": "user_login_attempt", "timestamp": "2025-11-30T20:34:28.682343+00:00", "details": {"email": "adonis.douramanis@gmail.com"}}
{"user_id": "ngDiP2lBsRNoEfSC9Mez4TTPJM53", "group": "system", "action": "login", "timestamp": "2025-11-30T20:34:28.781342+00:00", "details": {"user_id": "ngDiP2lBsRNoEfSC9Mez4TTPJM53", "user_email": "adonis.douramanis@gmail.com", "user_username": "adonis.douramanis@gmail.com", "group": "system", "action": "login", "timestamp": "2025-11-30T20:34:28.781342+00:00", "ip_address": "127.0.0.1", "details": {"email": "adonis.douramanis@gmail.com", "username": "adonis.douramanis@gmail.com", "is_admin": true, "groups_count": 1}, "description": "Σύνδεση χρήστη"}}
{"user_id": "ngDiP2lBsRNoEfSC9Mez4TTPJM53", "group": "system", "action": "user_logged_in", "timestamp": "2025-11-30T20:34:28.872843+00:00", "details": {"email": "adonis.douramanis@gmail.com"}}
{"user_id": "ngDiP2lBsRNoEfSC9Mez4TTPJM53", "group": "system", "action": "user_login_attempt", "timestamp": "2025-11-30T20:38:19.105043+00:00", "details": {"email": "adonis.douramanis@gmail.com"}}
{"user_id": "ngDiP2lBsRNoEfSC9Mez4TTPJM53", "group": "system", "action": "login", "timestamp": "2025-11-30T20:38:19.406042+00:00", "details": {"user_id": "ngDiP2lBsRNoEfSC9Mez4TTPJM53", "user_email": "adonis.douramanis@gmail.com", "user_username": "adonis.douramanis@gmail.com", "group": "system", "action": "login", "timestamp": "2025-11-30T20:38:19.406042+00:00", "ip_address": "127.0.0.1", "details": {"email": "adonis.douramanis@gmail.com", "username": "adonis.douramanis@gmail.com", "is_admin": true, "groups_count": 1}, "description": "Σύνδεση χρήστη"}}
{"user_id": "ngDiP2lBsRNoEfSC9Mez4TTPJM53", "group": "system", "action": "user_logged_in", "timestamp": "2025-11-30T20:38:19.493542+00:00", "details": {"email": "adonis.douramanis@gmail.com"}}
{"user_id": "ngDiP2lBsRNoEfSC9Mez4TTPJM53", "group": "system", "action": "user_login_attempt", "timestamp": "2025-11-30T20:38:25.769534+00:00", "details": {"email": "adonis.douramanis@gmail.com"}}
{"user_id": "ngDiP2lBsRNoEfSC9Mez4TTPJM53", "group": "system", "action": "login", "timestamp": "2025-11-30T20:38:25.859034+00:00", "details": {"user_id": "ngDiP2lBsRNoEfSC9Mez4TTPJM53", "user_email": "adonis.douramanis@gmail.com", "user_username": "adonis.douramanis@gmail.com", "group": "system", "action": "login", "timestamp": "2025-11-30T20:38:25.859034+00:00", "ip_address": "127.0.0.1", "details": {"email": "adonis.douramanis@gmail.com", "username": "adonis.douramanis@gmail.com", "is_admin": true, "groups_count": 1}, "description": "Σύνδεση χρήστη"}}
{"user_id": "ngDiP2lBsRNoEfSC9Mez4TTPJM53", "group": "system", "action": "user_logged_in", "timestamp": "2025-11-30T20:38:25.941534+00:00", "details": {"email": "adonis.douramanis@gmail.com"}}
{"user_id": "ngDiP2lBsRNoEfSC9Mez4TTPJM53", "group": "system", "action": "user_login_attempt", "timestamp": "2025-11-30T20:47:18.965840+00:00", "details": {"email": "adonis.douramanis@gmail.com"}}
{"user_id": "ngDiP2lBsRNoEfSC9Mez4TTPJM53", "group": "system", "action": "login", "timestamp": "2025-11-30T20:47:19.262839+00:00", "details": {"user_id": "ngDiP2lBsRNoEfSC9Mez4TTPJM53", "user_email": "adonis.douramanis@gmail.com", "user_username": "adonis.douramanis@gmail.com", "group": "system", "action": "login", "timestamp": "2025-11-30T20:47:19.262839+00:00", "ip_address": "127.0.0.1", "details": {"email": "adonis.douramanis@gmail.com", "username": "adonis.douramanis@gmail.com", "is_admin": true, "groups_count": 1}, "description": "Σύνδεση χρήστη"}}
{"user_id": "ngDiP2lBsRNoEfSC9Mez4TTPJM53", "group": "system", "action": "user_logged_in", "timestamp": "2025-11-30T20:47:19.350840+00:00", "details": {"email": "adonis.douramanis@gmail.com"}}
{"user_id": "ngDiP2lBsRNoEfSC9Mez4TTPJM53", "group": "system", "action": "user_login_attempt", "timestamp": "2025-11-30T20:47:32.540822+00:00", "details": {"email": "adonis.douramanis@gmail.com"}}
{"user_id": "ngDiP2lBsRNoEfSC9Mez4TTPJM53", "group": "system", "action": "login", "timestamp": "2025-11-30T20:47:33.566321+00:00", "details": {"user_id": "ngDiP2lBsRNoEfSC9Mez4TTPJM53", "user_email": "adonis.douramanis@gmail.com", "user_username": "adonis.douramanis@gmail.com", "group": "system", "action": "login", "timestamp": "2025-11-30T20:47:33.566321+00:00", "ip_address": "127.0.0.1", "details": {"email": "adonis.douramanis@gmail.com", "username": "adonis.douramanis@gmail.com", "is_admin": true, "groups_count": 1}, "description": "Σύνδεση χρήστη"}}
{"user_id": "ngDiP2lBsRNoEfSC9Mez4TTPJM53", "group": "system", "action": "user_logged_in", "timestamp": "2025-11-30T20:47:33.662322+00:00", "details": {"email": "adonis.douramanis@gmail.com"}}
{"user_id": "t04dm47o8eQwopvBmQV9Jd1dtDt2", "group": "system", "action": "user_login_attempt", "timestamp": "2025-11-30T20:48:40.939733+00:00", "details": {"email": "douradonis@hotmail.com"}}
{"user_id": "t04dm47o8eQwopvBmQV9Jd1dtDt2", "group": "system", "action": "login", "timestamp": "2025-11-30T20:48:41.266233+00:00", "details": {"user_id": "t04dm47o8eQwopvBmQV9Jd1dtDt2", "user_email": "douradonis@hotmail.com", "user_username": "douradonis@hotmail.com", "group": "system", "action": "login", "timestamp": "2025-11-30T20:48:41.266233+00:00", "ip_address": "127.0.0.1", "details": {"email": "douradonis@hotmail.com", "username": "douradonis@hotmail.com", "is_admin": false, "groups_count": 1}, "description": "Σύνδεση χρήστη"}}
{"user_id": "t04dm47o8eQwopvBmQV9Jd1dtDt2", "group": "system", "action": "user_logged_in", "timestamp": "2025-11-30T20:48:41.349234+00:00", "details": {"email": "douradonis@hotmail.com"}}
{"user_id": "t04dm47o8eQwopvBmQV9Jd1dtDt2", "group": "system", "action": "user_login_attempt", "timestamp": "2025-11-30T20:48:53.259217+00:00", "details": {"email": "douradonis@hotmail.com"}}
{"user_id": "t04dm47o8eQwopvBmQV9Jd1dtDt2", "group": "system", "action": "login", "timestamp": "2025-11-30T20:48:53.561217+00:00", "details": {"user_id": "t04dm47o8eQwopvBmQV9Jd1dtDt2", "user_email": "douradonis@hotmail.com", "user_username": "douradonis@hotmail.com", "group": "system", "action": "login", "timestamp": "2025-11-30T20:48:53.561217+00:00", "ip_address": "127.0.0.1", "details": {"email": "douradonis@hotmail.com", "username": "douradonis@hotmail.com", "is_admin": false, "groups_count": 1}, "description": "Σύνδεση χρήστη"}}
{"user_id": "t04dm47o8eQwopvBmQV9Jd1dtDt2", "group": "system", "action": "user_logged_in", "timestamp": "2025-11-30T20:48:53.648217+00:00", "details": {"email": "douradonis@hotmail.com"}}
{"user_id": "t04dm47o8eQwopvBmQV9Jd1dtDt2", "group": "system", "action": "user_login_attempt", "timestamp": "2025-11-30T20:50:57.657055+00:00", "details": {"email": "douradonis@hotmail.com"}}
{"user_id": "t04dm47o8eQwopvBmQV9Jd1dtDt2", "group": "system", "action": "login", "timestamp": "2025-11-30T20:50:58.055555+00:00", "details": {"user_id": "t04dm47o8eQwopvBmQV9Jd1dtDt2", "user_email": "douradonis@hotmail.com", "user_username": "douradonis@hotmail.com", "group": "system", "action": "login", "timestamp": "2025-11-30T20:50:58.055555+00:00", "ip_address": "127.0.0.1", "details": {"email": "douradonis@hotmail.com", "username": "douradonis@hotmail.com", "is_admin": false, "groups_count": 1}, "description": "Σύνδεση χρήστη"}}
{"user_id": "t04dm47o8eQwopvBmQV9Jd1dtDt2", "group": "system", "action": "user_logged_in", "timestamp": "2025-11-30T20:50:58.138555+00:00", "details": {"email": "douradonis@hotmail.com"}}
{"user_id": "t04dm47o8eQwopvBmQV9Jd1dtDt2", "group": "system", "action": "user_login_attempt", "timestamp": "2025-11-30T20:52:42.822918+00:00", "details": {"email": "douradonis@hotmail.com"}}
{"user_id": "t04dm47o8eQwopvBmQV9Jd1dtDt2", "group": "system", "action": "login", "timestamp": "2025-11-30T20:52:43.363918+00:00", "details": {"user_id": "t04dm47o8eQwopvBmQV9Jd1dtDt2", "user_email": "douradonis@hotmail.com", "user_username": "douradonis@hotmail.com", "group": "system", "action": "login", "timestamp": "2025-11-30T20:52:43.363918+00:00", "ip_address": "127.0.0.1", "details": {"email": "douradonis@hotmail.com", "username": "douradonis@hotmail.com", "is_admin": false, "groups_count": 1}, "description": "Σύνδεση χρήστη"}}
{"user_id": "t04dm47o8eQwopvBmQV9Jd1dtDt2", "group": "system", "action": "user_logged_in", "timestamp": "2025-11-30T20:52:43.445417+00:00", "details": {"email": "douradonis@hotmail.com"}}
{"user_id": "t04dm47o8eQwopvBmQV9Jd1dtDt2", "group": "system", "action": "user_login_attempt", "timestamp": "2025-11-30T20:52:51.820907+00:00", "details": {"email": "douradonis@hotmail.com"}}
{"user_id": "t04dm47o8eQwopvBmQV9Jd1dtDt2", "group": "system", "action": "login", "timestamp": "2025-11-30T20:52:52.127406+00:00", "details": {"user_id": "t04dm47o8eQwopvBmQV9Jd1dtDt2", "user_email": "douradonis@hotmail.com", "user_username": "douradonis@hotmail.com", "group": "system", "action": "login", "timestamp": "2025-11-30T20:52:52.127406+00:00", "ip_address": "127.0.0.1", "details": {"email": "douradonis@hotmail.com", "username": "douradonis@hotmail.com", "is_admin": false, "groups_count": 1}, "description": "Σύνδεση χρήστη"}}
{"user_id": "t04dm47o8eQwopvBmQV9Jd1dtDt2", "group": "system", "action": "user_logged_in", "timestamp": "2025-11-30T20:52:52.209406+00:00", "details": {"email": "douradonis@hotmail.com"}}
{"user_id": "t04dm47o8eQwopvBmQV9Jd1dtDt2", "group": "system", "action": "user_login_attempt", "timestamp": "2025-11-30T20:57:25.406551+00:00", "details": {"email": "douradonis@hotmail.com"}}
{"user_id": "t04dm47o8eQwopvBmQV9Jd1dtDt2", "group": "system", "action": "login", "timestamp": "2025-11-30T20:57:25.813050+00:00", "details": {"user_id": "t04dm47o8eQwopvBmQV9Jd1dtDt2", "user_email": "douradonis@hotmail.com", "user_username": "douradonis@hotmail.com", "group": "system", "action": "login", "timestamp": "2025-11-30T20:57:25.813050+00:00", "ip_address": "127.0.0.1", "details": {"email": "douradonis@hotmail.com", "username": "douradonis@hotmail.com", "is_admin": false, "groups_count": 1}, "description": "Σύνδεση χρήστη"}}
{"user_id": "t04dm47o8eQwopvBmQV9Jd1dtDt2", "group": "system", "action": "user_logged_in", "timestamp": "2025-11-30T20:57:25.901550+00:00", "details": {"email": "douradonis@hotmail.com"}}
{"user_id": "ngDiP2lBsRNoEfSC9Mez4TTPJM53", "group": "system", "action": "user_login_attempt", "timestamp": "2025-11-30T20:58:16.740484+00:00", "details": {"email": "adonis.douramanis@gmail.com"}}
{"user_id": "ngDiP2lBsRNoEfSC9Mez4TTPJM53", "group": "system", "action": "login", "timestamp": "2025-11-30T20:58:16.828983+00:00", "details": {"user_id": "ngDiP2lBsRNoEfSC9Mez4TTPJM53", "user_email": "adonis.douramanis@gmail.com", "user_username": "adonis.douramanis@gmail.com", "group": "system", "action": "login", "timestamp": "2025-11-30T20:58:16.828983+00:00", "ip_address": "127.0.0.1", "details": {"email": "adonis.douramanis@gmail.com", "username": "adonis.douramanis@gmail.com", "is_admin": true, "groups_count": 1}, "description": "Σύνδεση χρήστη"}}
{"user_id": "ngDiP2lBsRNoEfSC9Mez4TTPJM53", "group": "system", "action": "user_logged_in", "timestamp": "2025-11-30T20:58:16.914484+00:00", "details": {"email": "adonis.douramanis@gmail.com"}}
{"user_id": "ngDiP2lBsRNoEfSC9Mez4TTPJM53", "group": "system", "action": "user_login_attempt", "timestamp": "2025-11-30T21:02:13.733175+00:00", "details": {"email": "adonis.douramanis@gmail.com"}}
{"user_id": "ngDiP2lBsRNoEfSC9Mez4TTPJM53", "group": "system", "action": "user_login_attempt", "timestamp": "2025-11-30T21:02:16.070172+00:00", "details": {"email": "adonis.douramanis@gmail.com"}}
{"user_id": "t04dm47o8eQwopvBmQV9Jd1dtDt2", "group": "system", "action": "user_login_attempt", "timestamp": "2025-11-30T21:02:19.074668+00:00", "details": {"email": "douradonis@hotmail.com"}}
{"user_id": "ngDiP2lBsRNoEfSC9Mez4TTPJM53", "group": "system", "action": "user_login_attempt", "timestamp": "2025-11-30T21:02:40.237140+00:00", "details": {"email": "adonis.douramanis@gmail.com"}}
{"user_id": "ngDiP2lBsRNoEfSC9Mez4TTPJM53", "group": "system", "action": "user_login_attempt", "timestamp": "2025-11-30T21:02:53.184624+00:00", "details": {"email": "adonis.douramanis@gmail.com"}}
{"user_id": "5", "group": "system", "action": "logout", "timestamp": "2025-11-30T21:02:59.976115+00:00", "details": {"user_id": "5", "user_email": "adonis.douramanis@gmail.com", "user_username": "adonis.douramanis@gmail.com", "group": "system", "action": "logout", "timestamp": "2025-11-30T21:02:59.976115+00:00", "ip_address": "127.0.0.1", "details": {"email": "adonis.douramanis@gmail.com", "username": "adonis.douramanis@gmail.com"}, "description": "Αποσύνδεση χρήστη"}}
{"user_id": "t04dm47o8eQwopvBmQV9Jd1dtDt2", "group": "system", "action": "user_login_attempt", "timestamp": "2025-11-30T21:03:05.904607+00:00", "details": {"email": "douradonis@hotmail.com"}}
{"user_id": "6", "group": "system", "action": "logout", "timestamp": "2025-11-30T21:03:28.956078+00:00", "details": {"user_id": "6", "user_email": "douradonis@hotmail.com", "user_username": "douradonis@hotmail.com", "group": "system", "action": "logout", "timestamp": "2025-11-30T21:03:28.956078+00:00", "ip_address": "127.0.0.1", "details": {"email": "douradonis@hotmail.com", "username": "douradonis@hotmail.com"}, "description": "Αποσύνδεση χρήστη"}}
{"user_id": "t04dm47o8eQwopvBmQV9Jd1dtDt2", "group": "system", "action": "user_login_attempt", "timestamp": "2025-11-30T21:03:31.714073+00:00", "details": {"email": "douradonis@hotmail.com"}}
{"user_id": "t04dm47o8eQwopvBmQV9Jd1dtDt2", "group": "system", "action": "login", "timestamp": "2025-11-30T21:03:32.048073+00:00", "details": {"user_id": "t04dm47o8eQwopvBmQV9Jd1dtDt2", "user_email": "douradonis@hotmail.com", "user_username": "douradonis@hotmail.com", "group": "system", "action": "login", "timestamp": "2025-11-30T21:03:32.048073+00:00", "ip_address": "127.0.0.1", "details": {"email": "douradonis@hotmail.com", "username": "douradonis@hotmail.com", "is_admin": false, "groups_count": 1}, "description": "Σύνδεση χρήστη"}}
{"user_id": "t04dm47o8eQwopvBmQV9Jd1dtDt2", "group": "system", "action": "user_logged_in", "timestamp": "2025-11-30T21:03:32.142073+00:00", "details": {"email": "douradonis@hotmail.com"}}
{"user_id": "ngDiP2lBsRNoEfSC9Mez4TTPJM53", "group": "system", "action": "user_login_attempt", "timestamp": "2025-11-30T21:06:20.682353+00:00", "details": {"email": "adonis.douramanis@gmail.com"}}
{"user_id": "ngDiP2lBsRNoEfSC9Mez4TTPJM53", "group": "system", "action": "login", "timestamp": "2025-11-30T21:06:20.863853+00:00", "details": {"user_id": "ngDiP2lBsRNoEfSC9Mez4TTPJM53", "user_email": "adonis.douramanis@gmail.com", "user_username": "adonis.douramanis@gmail.com", "group": "system", "action": "login", "timestamp": "2025-11-30T21:06:20.863853+00:00", "ip_address": "127.0.0.1", "details": {"email": "adonis.douramanis@gmail.com", "username": "adonis.douramanis@gmail.com", "is_admin": true, "groups_count": 1}, "description": "Σύνδεση χρήστη"}}
{"user_id": "ngDiP2lBsRNoEfSC9Mez4TTPJM53", "group": "system", "action": "user_logged_in", "timestamp": "2025-11-30T21:06:20.948853+00:00", "details": {"email": "adonis.douramanis@gmail.com"}}
{"user_id": "t04dm47o8eQwopvBmQV9Jd1dtDt2", "group": "system", "action": "user_login_attempt", "timestamp": "2025-11-30T21:12:47.307850+00:00", "details": {"email": "douradonis@hotmail.com"}}
{"user_id": "t04dm47o8eQwopvBmQV9Jd1dtDt2", "group": "system", "action": "user_login_attempt", "timestamp": "2025-11-30T21:12:55.348840+00:00", "details": {"email": "douradonis@hotmail.com"}}
{"user_id": "ngDiP2lBsRNoEfSC9Mez4TTPJM53", "group": "system", "action": "user_login_attempt", "timestamp": "2025-11-30T21:13:27.342298+00:00", "details": {"email": "adonis.douramanis@gmail.com"}}
{"user_id": "ngDiP2lBsRNoEfSC9Mez4TTPJM53", "group": "system", "action": "user_login_attempt", "timestamp": "2025-11-30T21:14:01.949253+00:00", "details": {"email": "adonis.douramanis@gmail.com"}}
{"user_id": "ngDiP2lBsRNoEfSC9Mez4TTPJM53", "group": "system", "action": "user_login_attempt", "timestamp": "2025-11-30T21:19:10.711351+00:00", "details": {"email": "adonis.douramanis@gmail.com"}}
{"user_id": "ngDiP2lBsRNoEfSC9Mez4TTPJM53", "group": "system", "action": "login", "timestamp": "2025-11-30T21:19:10.995851+00:00", "details": {"user_id": "ngDiP2lBsRNoEfSC9Mez4TTPJM53", "user_email": "adonis.douramanis@gmail.com", "user_username": "adonis.douramanis@gmail.com", "group": "system", "action": "login", "timestamp": "2025-11-30T21:19:10.995851+00:00", "ip_address": "127.0.0.1", "details": {"email": "adonis.douramanis@gmail.com", "username": "adonis.douramanis@gmail.com", "is_admin": true, "groups_count": 1}, "description": "Σύνδεση χρήστη"}}
{"user_id": "ngDiP2lBsRNoEfSC9Mez4TTPJM53", "group": "system", "action": "user_logged_in", "timestamp": "2025-11-30T21:19:11.081351+00:00", "details": {"email": "adonis.douramanis@gmail.com"}}
{"user_id": "ngDiP2lBsRNoEfSC9Mez4TTPJM53", "group": "system", "action": "user_login_attempt", "timestamp": "2025-11-30T21:19:22.894335+00:00", "details": {"email": "adonis.douramanis@gmail.com"}}
{"user_id": "t04dm47o8eQwopvBmQV9Jd1dtDt2", "group": "system", "action": "user_login_attempt", "timestamp": "2025-11-30T21:19:25.876331+00:00", "details": {"email": "douradonis@hotmail.com"}}
{"user_id": "t04dm47o8eQwopvBmQV9Jd1dtDt2", "group": "system", "action": "login", "timestamp": "2025-11-30T21:19:26.196831+00:00", "details": {"user_id": "t04dm47o8eQwopvBmQV9Jd1dtDt2", "user_email": "douradonis@hotmail.com", "user_username": "douradonis@hotmail.com", "group": "system", "action": "login", "timestamp": "2025-11-30T21:19:26.196831+00:00", "ip_address": "127.0.0.1", "details": {"email": "douradonis@hotmail.com", "username": "douradonis@hotmail.com", "is_admin": false, "groups_count": 1}, "description": "Σύνδεση χρήστη"}}
{"user_id": "t04dm47o8eQwopvBmQV9Jd1dtDt2", "group": "system", "action": "user_logged_in", "timestamp": "2025-11-30T21:19:26.277331+00:00", "details": {"email": "douradonis@hotmail.com"}}
{"user_id": "t04dm47o8eQwopvBmQV9Jd1dtDt2", "group": "system", "action": "user_login_attempt", "timestamp": "2025-11-30T21:20:42.982231+00:00", "details": {"email": "douradonis@hotmail.com"}}
{"user_id": "t04dm47o8eQwopvBmQV9Jd1dtDt2", "group": "system", "action": "user_login_attempt", "timestamp": "2025-11-30T21:21:13.764191+00:00", "details": {"email": "douradonis@hotmail.com"}}
{"user_id": "ngDiP2lBsRNoEfSC9Mez4TTPJM53", "group": "system", "action": "user_login_attempt", "timestamp": "2025-11-30T21:21:17.700186+00:00", "details": {"email": "adonis.douramanis@gmail.com"}}
{"user_id": "ngDiP2lBsRNoEfSC9Mez4TTPJM53", "group": "system", "action": "user_login_attempt", "timestamp": "2025-11-30T21:21:20.060683+00:00", "details": {"email": "adonis.douramanis@gmail.com"}}
{"user_id": "ngDiP2lBsRNoEfSC9Mez4TTPJM53", "group": "system", "action": "user_login_attempt", "timestamp": "2025-11-30T21:21:53.584139+00:00", "details": {"email": "adonis.douramanis@gmail.com"}}
{"user_id": "ngDiP2lBsRNoEfSC9Mez4TTPJM53", "group": "system", "action": "user_login_attempt", "timestamp": "2025-11-30T21:24:25.765941+00:00", "details": {"email": "adonis.douramanis@gmail.com"}}
{"user_id": "ngDiP2lBsRNoEfSC9Mez4TTPJM53", "group": "system", "action": "login", "timestamp": "2025-11-30T21:24:26.036441+00:00", "details": {"user_id": "ngDiP2lBsRNoEfSC9Mez4TTPJM53", "user_email": "adonis.douramanis@gmail.com", "user_username": "adonis.douramanis@gmail.com", "group": "system", "action": "login", "timestamp": "2025-11-30T21:24:26.036441+00:00", "ip_address": "127.0.0.1", "details": {"email": "adonis.douramanis@gmail.com", "username": "adonis.douramanis@gmail.com", "is_admin": true, "groups_count": 1}, "description": "Σύνδεση χρήστη"}}
{"user_id": "ngDiP2lBsRNoEfSC9Mez4TTPJM53", "group": "system", "action": "user_logged_in", "timestamp": "2025-11-30T21:24:26.123941+00:00", "details": {"email": "adonis.douramanis@gmail.com"}}
{"user_id": "t04dm47o8eQwopvBmQV9Jd1dtDt2", "group": "system", "action": "user_login_attempt", "timestamp": "2025-11-30T21:24:49.206410+00:00", "details": {"email": "douradonis@hotmail.com"}}
{"user_id": "t04dm47o8eQwopvBmQV9Jd1dtDt2", "group": "system", "action": "login", "timestamp": "2025-11-30T21:24:49.536410+00:00", "details": {"user_id": "t04dm47o8eQwopvBmQV9Jd1dtDt2", "user_email": "douradonis@hotmail.com", "user_username": "douradonis@hotmail.com", "group": "system", "action": "login", "timestamp": "2025-11-30T21:24:49.536410+00:00", "ip_address": "127.0.0.1", "details": {"email": "douradonis@hotmail.com", "username": "douradonis@hotmail.com", "is_admin": false, "groups_count": 1}, "description": "Σύνδεση χρήστη"}}
{"user_id": "t04dm47o8eQwopvBmQV9Jd1dtDt2", "group": "system", "action": "user_logged_in", "timestamp": "2025-11-30T21:24:49.617910+00:00", "details": {"email": "douradonis@hotmail.com"}}
{"user_id": "ngDiP2lBsRNoEfSC9Mez4TTPJM53", "group": "system", "action": "user_login_attempt", "timestamp": "2025-11-30T21:25:04.002391+00:00", "details": {"email": "adonis.douramanis@gmail.com"}}
{"user_id": "ngDiP2lBsRNoEfSC9Mez4TTPJM53", "group": "system", "action": "user_login_attempt", "timestamp": "2025-11-30T21:27:44.684682+00:00", "details": {"email": "adonis.douramanis@gmail.com"}}
{"user_id": "ngDiP2lBsRNoEfSC9Mez4TTPJM53", "group": "system", "action": "login", "timestamp": "2025-11-30T21:27:44.900183+00:00", "details": {"user_id": "ngDiP2lBsRNoEfSC9Mez4TTPJM53", "user_email": "adonis.douramanis@gmail.com", "user_username": "adonis.douramanis@gmail.com", "group": "system", "action": "login", "timestamp": "2025-11-30T21:27:44.899682+00:00", "ip_address": "127.0.0.1", "details": {"email": "adonis.douramanis@gmail.com", "username": "adonis.douramanis@gmail.com", "is_admin": true, "groups_count": 1}, "description": "Σύνδεση χρήστη"}}
{"user_id": "ngDiP2lBsRNoEfSC9Mez4TTPJM53", "group": "system", "action": "user_logged_in", "timestamp": "2025-11-30T21:27:44.980182+00:00", "details": {"email": "adonis.douramanis@gmail.com"}}
{"user_id": "ngDiP2lBsRNoEfSC9Mez4TTPJM53", "group": "system", "action": "user_login_attempt", "timestamp": "2025-11-30T21:28:13.265145+00:00", "details": {"email": "adonis.douramanis@gmail.com"}}
{"user_id": "ngDiP2lBsRNoEfSC9Mez4TTPJM53", "group": "system", "action": "login", "timestamp": "2025-11-30T21:28:13.368645+00:00", "details": {"user_id": "ngDiP2lBsRNoEfSC9Mez4TTPJM53", "user_email": "adonis.douramanis@gmail.com", "user_username": "adonis.douramanis@gmail.com", "group": "system", "action": "login", "timestamp": "2025-11-30T21:28:13.368645+00:00", "ip_address": "127.0.0.1", "details": {"email": "adonis.douramanis@gmail.com", "username": "adonis.douramanis@gmail.com", "is_admin": true, "groups_count": 1}, "description": "Σύνδεση χρήστη"}}
{"user_id": "ngDiP2lBsRNoEfSC9Mez4TTPJM53", "group": "system", "action": "user_logged_in", "timestamp": "2025-11-30T21:28:13.459145+00:00", "details": {"email": "adonis.douramanis@gmail.com"}}
{"user_id": "ngDiP2lBsRNoEfSC9Mez4TTPJM53", "group": "system", "action": "user_login_attempt", "timestamp": "2025-11-30T21:28:24.141131+00:00", "details": {"email": "adonis.douramanis@gmail.com"}}
{"user_id": "ngDiP2lBsRNoEfSC9Mez4TTPJM53", "group": "system", "action": "login", "timestamp": "2025-11-30T21:28:24.232631+00:00", "details": {"user_id": "ngDiP2lBsRNoEfSC9Mez4TTPJM53", "user_email": "adonis.douramanis@gmail.com", "user_username": "adonis.douramanis@gmail.com", "group": "system", "action": "login", "timestamp": "2025-11-30T21:28:24.232631+00:00", "ip_address": "127.0.0.1", "details": {"email": "adonis.douramanis@gmail.com", "username": "adonis.douramanis@gmail.com", "is_admin": true, "groups_count": 1}, "description": "Σύνδεση χρήστη"}}
{"user_id": "ngDiP2lBsRNoEfSC9Mez4TTPJM53", "group": "system", "action": "user_logged_in", "timestamp": "2025-11-30T21:28:24.312630+00:00", "details": {"email": "adonis.douramanis@gmail.com"}}
{"user_id": "ngDiP2lBsRNoEfSC9Mez4TTPJM53", "group": "system", "action": "user_login_attempt", "timestamp": "2025-11-30T21:47:13.606740+00:00", "details": {"email": "adonis.douramanis@gmail.com"}}
{"user_id": "ngDiP2lBsRNoEfSC9Mez4TTPJM53", "group": "system", "action": "login", "timestamp": "2025-11-30T21:47:13.859241+00:00", "details": {"user_id": "ngDiP2lBsRNoEfSC9Mez4TTPJM53", "user_email": "adonis.douramanis@gmail.com", "user_username": "adonis.douramanis@gmail.com", "group": "system", "action": "login", "timestamp": "2025-11-30T21:47:13.859241+00:00", "ip_address": "127.0.0.1", "details": {"email": "adonis.douramanis@gmail.com", "username": "adonis.douramanis@gmail.com", "is_admin": true, "groups_count": 1}, "description": "Σύνδεση χρήστη"}}
{"user_id": "ngDiP2lBsRNoEfSC9Mez4TTPJM53", "group": "system", "action": "user_logged_in", "timestamp": "2025-11-30T21:47:13.943740+00:00", "details": {"email": "adonis.douramanis@gmail.com"}}
{"user_id": "ngDiP2lBsRNoEfSC9Mez4TTPJM53", "group": "system", "action": "user_login_attempt", "timestamp": "2025-11-30T21:50:26.800988+00:00", "details": {"email": "adonis.douramanis@gmail.com"}}
{"user_id": "ngDiP2lBsRNoEfSC9Mez4TTPJM53", "group": "system", "action": "user_login_attempt", "timestamp": "2025-11-30T21:52:36.586820+00:00", "details": {"email": "adonis.douramanis@gmail.com"}}
{"user_id": "ngDiP2lBsRNoEfSC9Mez4TTPJM53", "group": "system", "action": "login", "timestamp": "2025-11-30T21:52:36.796319+00:00", "details": {"user_id": "ngDiP2lBsRNoEfSC9Mez4TTPJM53", "user_email": "adonis.douramanis@gmail.com", "user_username": "adonis.douramanis@gmail.com", "group": "system", "action": "login", "timestamp": "2025-11-30T21:52:36.796319+00:00", "ip_address": "127.0.0.1", "details": {"email": "adonis.douramanis@gmail.com", "username": "adonis.douramanis@gmail.com", "is_admin": true, "groups_count": 1}, "description": "Σύνδεση χρήστη"}}
{"user_id": "ngDiP2lBsRNoEfSC9Mez4TTPJM53", "group": "system", "action": "user_logged_in", "timestamp": "2025-11-30T21:52:36.882319+00:00", "details": {"email": "adonis.douramanis@gmail.com"}}
{"user_id": "ngDiP2lBsRNoEfSC9Mez4TTPJM53", "group": "system", "action": "user_login_attempt", "timestamp": "2025-11-30T21:52:52.998798+00:00", "details": {"email": "adonis.douramanis@gmail.com"}}
{"user_id": "ngDiP2lBsRNoEfSC9Mez4TTPJM53", "group": "system", "action": "user_login_attempt", "timestamp": "2025-11-30T21:53:17.568766+00:00", "details": {"email": "adonis.douramanis@gmail.com"}}
{"user_id": "ngDiP2lBsRNoEfSC9Mez4TTPJM53", "group": "system", "action": "user_login_attempt", "timestamp": "2025-11-30T21:53:59.166712+00:00", "details": {"email": "adonis.douramanis@gmail.com"}}
{"user_id": "8", "group": "system", "action": "logout", "timestamp": "2025-11-30T21:54:28.080674+00:00", "details": {"user_id": "8", "user_email": "testuser1@example.com", "user_username": "testuser1", "group": "system", "action": "logout", "timestamp": "2025-11-30T21:54:28.080674+00:00", "ip_address": "127.0.0.1", "details": {"email": "testuser1@example.com", "username": "testuser1"}, "description": "Αποσύνδεση χρήστη"}}
{"user_id": "8", "group": "system", "action": "logout", "timestamp": "2025-11-30T21:55:08.869622+00:00", "details": {"user_id": "8", "user_email": "testuser1@example.com", "user_username": "testuser1", "group": "system", "action": "logout", "timestamp": "2025-11-30T21:55:08.869622+00:00", "ip_address": "127.0.0.1", "details": {"email": "testuser1@example.com", "username": "testuser1"}, "description": "Αποσύνδεση χρήστη"}}
{"user_id": "ngDiP2lBsRNoEfSC9Mez4TTPJM53", "group": "system", "action": "user_login_attempt", "timestamp": "2025-11-30T21:55:27.782097+00:00", "details": {"email": "adonis.douramanis@gmail.com"}}
{"user_id": "ngDiP2lBsRNoEfSC9Mez4TTPJM53", "group": "system", "action": "user_login_attempt", "timestamp": "2025-11-30T21:56:57.278980+00:00", "details": {"email": "adonis.douramanis@gmail.com"}}
{"user_id": "ngDiP2lBsRNoEfSC9Mez4TTPJM53", "group": "system", "action": "user_login_attempt", "timestamp": "2025-11-30T21:57:03.047472+00:00", "details": {"email": "adonis.douramanis@gmail.com"}}
{"user_id": "ngDiP2lBsRNoEfSC9Mez4TTPJM53", "group": "system", "action": "user_login_attempt", "timestamp": "2025-11-30T21:57:46.311416+00:00", "details": {"email": "adonis.douramanis@gmail.com"}}
{"user_id": "ngDiP2lBsRNoEfSC9Mez4TTPJM53", "group": "system", "action": "login", "timestamp": "2025-11-30T21:57:46.425916+00:00", "details": {"user_id": "ngDiP2lBsRNoEfSC9Mez4TTPJM53", "user_email": "adonis.douramanis@gmail.com", "user_username": "adonis.douramanis@gmail.com", "group": "system", "action": "login", "timestamp": "2025-11-30T21:57:46.425916+00:00", "ip_address": "127.0.0.1", "details": {"email": "adonis.douramanis@gmail.com", "username": "adonis.douramanis@gmail.com", "is_admin": true, "groups_count": 1}, "description": "Σύνδεση χρήστη"}}
{"user_id": "ngDiP2lBsRNoEfSC9Mez4TTPJM53", "group": "system", "action": "user_logged_in", "timestamp": "2025-11-30T21:57:46.521916+00:00", "details": {"email": "adonis.douramanis@gmail.com"}}
{"user_id": "ngDiP2lBsRNoEfSC9Mez4TTPJM53", "group": "system", "action": "user_login_attempt", "timestamp": "2025-11-30T21:58:01.864896+00:00", "details": {"email": "adonis.douramanis@gmail.com"}}
{"user_id": "ngDiP2lBsRNoEfSC9Mez4TTPJM53", "group": "system", "action": "user_login_attempt", "timestamp": "2025-11-30T21:58:24.808866+00:00", "details": {"email": "adonis.douramanis@gmail.com"}}
{"user_id": "8", "group": "system", "action": "logout", "timestamp": "2025-11-30T22:00:14.345224+00:00", "details": {"user_id": "8", "user_email": "testuser1@example.com", "user_username": "testuser1", "group": "system", "action": "logout", "timestamp": "2025-11-30T22:00:14.345224+00:00", "ip_address": "127.0.0.1", "details": {"email": "testuser1@example.com", "username": "testuser1"}, "description": "Αποσύνδεση χρήστη"}}
{"user_id": "ngDiP2lBsRNoEfSC9Mez4TTPJM53", "group": "system", "action": "user_login_attempt", "timestamp": "2025-11-30T22:00:53.694172+00:00", "details": {"email": "adonis.douramanis@gmail.com"}}
{"user_id": "8", "group": "system", "action": "logout", "timestamp": "2025-11-30T22:01:59.074587+00:00", "details": {"user_id": "8", "user_email": "testuser1@example.com", "user_username": "testuser1", "group": "system", "action": "logout", "timestamp": "2025-11-30T22:01:59.074587+00:00", "ip_address": "127.0.0.1", "details": {"email": "testuser1@example.com", "username": "testuser1"}, "description": "Αποσύνδεση χρήστη"}}
{"user_id": "ngDiP2lBsRNoEfSC9Mez4TTPJM53", "group": "system", "action": "user_login_attempt", "timestamp": "2025-11-30T22:02:22.957556+00:00", "details": {"email": "adonis.douramanis@gmail.com"}}
{"user_id": "ngDiP2lBsRNoEfSC9Mez4TTPJM53", "group": "system", "action": "user_login_attempt", "timestamp": "2025-11-30T22:04:43.900373+00:00", "details": {"email": "adonis.douramanis@gmail.com"}}
{"user_id": "ngDiP2lBsRNoEfSC9Mez4TTPJM53", "group": "system", "action": "login", "timestamp": "2025-11-30T22:04:44.122372+00:00", "details": {"user_id": "ngDiP2lBsRNoEfSC9Mez4TTPJM53", "user_email": "adonis.douramanis@gmail.com", "user_username": "adonis.douramanis@gmail.com", "group": "system", "action": "login", "timestamp": "2025-11-30T22:04:44.122372+00:00", "ip_address": "127.0.0.1", "details": {"email": "adonis.douramanis@gmail.com", "username": "adonis.douramanis@gmail.com", "is_admin": true, "groups_count": 1}, "description": "Σύνδεση χρήστη"}}
{"user_id": "ngDiP2lBsRNoEfSC9Mez4TTPJM53", "group": "system", "action": "user_logged_in", "timestamp": "2025-11-30T22:04:44.203372+00:00", "details": {"email": "adonis.douramanis@gmail.com"}}
{"user_id": "ngDiP2lBsRNoEfSC9Mez4TTPJM53", "group": "system", "action": "user_login_attempt", "timestamp": "2025-11-30T22:04:55.108858+00:00", "details": {"email": "adonis.douramanis@gmail.com"}}
{"user_id": "ngDiP2lBsRNoEfSC9Mez4TTPJM53", "group": "system", "action": "user_login_attempt", "timestamp": "2025-11-30T22:05:16.804830+00:00", "details": {"email": "adonis.douramanis@gmail.com"}}
{"user_id": "ngDiP2lBsRNoEfSC9Mez4TTPJM53", "group": "system", "action": "login", "timestamp": "2025-11-30T22:05:16.900830+00:00", "details": {"user_id": "ngDiP2lBsRNoEfSC9Mez4TTPJM53", "user_email": "adonis.douramanis@gmail.com", "user_username": "adonis.douramanis@gmail.com", "group": "system", "action": "login", "timestamp": "2025-11-30T22:05:16.900830+00:00", "ip_address": "127.0.0.1", "details": {"email": "adonis.douramanis@gmail.com", "username": "adonis.douramanis@gmail.com", "is_admin": true, "groups_count": 1}, "description": "Σύνδεση χρήστη"}}
{"user_id": "ngDiP2lBsRNoEfSC9Mez4TTPJM53", "group": "system", "action": "user_logged_in", "timestamp": "2025-11-30T22:05:16.983331+00:00", "details": {"email": "adonis.douramanis@gmail.com"}}
{"user_id": "t04dm47o8eQwopvBmQV9Jd1dtDt2", "group": "system", "action": "user_login_attempt", "timestamp": "2025-11-30T22:05:51.439286+00:00", "details": {"email": "douradonis@hotmail.com"}}
{"user_id": "t04dm47o8eQwopvBmQV9Jd1dtDt2", "group": "system", "action": "login", "timestamp": "2025-11-30T22:05:51.755784+00:00", "details": {"user_id": "t04dm47o8eQwopvBmQV9Jd1dtDt2", "user_email": "douradonis@hotmail.com", "user_username": "douradonis@hotmail.com", "group": "system", "action": "login", "timestamp": "2025-11-30T22:05:51.755784+00:00", "ip_address": "127.0.0.1", "details": {"email": "douradonis@hotmail.com", "username": "douradonis@hotmail.com", "is_admin": false, "groups_count": 1}, "description": "Σύνδεση χρήστη"}}
{"user_id": "t04dm47o8eQwopvBmQV9Jd1dtDt2", "group": "system", "action": "user_logged_in", "timestamp": "2025-11-30T22:05:51.835784+00:00", "details": {"email": "douradonis@hotmail.com"}}
{"user_id": "t04dm47o8eQwopvBmQV9Jd1dtDt2", "group": "system", "action": "user_login_attempt", "timestamp": "2025-11-30T22:05:59.959273+00:00", "details": {"email": "douradonis@hotmail.com"}}
{"user_id": "t04dm47o8eQwopvBmQV9Jd1dtDt2", "group": "system", "action": "user_login_attempt", "timestamp": "2025-11-30T22:06:44.678215+00:00", "details": {"email": "douradonis@hotmail.com"}}
{"user_id": "t04dm47o8eQwopvBmQV9Jd1dtDt2", "group": "system", "action": "login", "timestamp": "2025-11-30T22:06:44.976215+00:00", "details": {"user_id": "t04dm47o8eQwopvBmQV9Jd1dtDt2", "user_email": "douradonis@hotmail.com", "user_username": "douradonis@hotmail.com", "group": "system", "action": "login", "timestamp": "2025-11-30T22:06:44.976215+00:00", "ip_address": "127.0.0.1", "details": {"email": "douradonis@hotmail.com", "username": "douradonis@hotmail.com", "is_admin": false, "groups_count": 1}, "description": "Σύνδεση χρήστη"}}
{"user_id": "t04dm47o8eQwopvBmQV9Jd1dtDt2", "group": "system", "action": "user_logged_in", "timestamp": "2025-11-30T22:06:45.056714+00:00", "details": {"email": "douradonis@hotmail.com"}}
{"user_id": "ngDiP2lBsRNoEfSC9Mez4TTPJM53", "group": "system", "action": "user_login_attempt", "timestamp": "2025-11-30T22:07:22.023667+00:00", "details": {"email": "adonis.douramanis@gmail.com"}}
{"user_id": "ngDiP2lBsRNoEfSC9Mez4TTPJM53", "group": "system", "action": "login", "timestamp": "2025-11-30T22:07:22.126167+00:00", "details": {"user_id": "ngDiP2lBsRNoEfSC9Mez4TTPJM53", "user_email": "adonis.douramanis@gmail.com", "user_username": "adonis.douramanis@gmail.com", "group": "system", "action": "login", "timestamp": "2025-11-30T22:07:22.126167+00:00", "ip_address": "127.0.0.1", "details": {"email": "adonis.douramanis@gmail.com", "username": "adonis.douramanis@gmail.com", "is_admin": true, "groups_count": 1}, "description": "Σύνδεση χρήστη"}}
{"user_id": "ngDiP2lBsRNoEfSC9Mez4TTPJM53", "group": "system", "action": "user_logged_in", "timestamp": "2025-11-30T22:07:22.213666+00:00", "details": {"email": "adonis.douramanis@gmail.com"}}
{"user_id": "Xyf4vDTowdSDjmhNQV4wL1O865z1", "group": "system", "action": "user_registered", "timestamp": "2025-11-30T22:08:58.937541+00:00", "details": {"email": "scanmydata@hotmail.com"}}
{"user_id": "scanmydata@hotmail.com", "group": "system", "action": "verification_email_sent", "timestamp": "2025-11-30T22:09:00.855038+00:00", "details": {"email": "scanmydata@hotmail.com", "timestamp": "2025-11-30T22:09:00.855038+00:00"}}
{"user_id": "Xyf4vDTowdSDjmhNQV4wL1O865z1", "group": "system", "action": "user_signup_complete", "timestamp": "2025-11-30T22:09:00.945038+00:00", "details": {"email": "scanmydata@hotmail.com", "verification_email_sent": true}}
{"user_id": "Xyf4vDTowdSDjmhNQV4wL1O865z1", "group": "system", "action": "user_login_attempt", "timestamp": "2025-11-30T22:10:32.955918+00:00", "details": {"email": "scanmydata@hotmail.com"}}
{"user_id": "Xyf4vDTowdSDjmhNQV4wL1O865z1", "group": "system", "action": "login", "timestamp": "2025-11-30T22:10:33.267918+00:00", "details": {"user_id": "Xyf4vDTowdSDjmhNQV4wL1O865z1", "user_email": "scanmydata@hotmail.com", "user_username": "scanmydata@hotmail.com", "group": "system", "action": "login", "timestamp": "2025-11-30T22:10:33.267918+00:00", "ip_address": "127.0.0.1", "details": {"email": "scanmydata@hotmail.com", "username": "scanmydata@hotmail.com", "is_admin": false, "groups_count": 0}, "description": "Σύνδεση χρήστη"}}
{"user_id": "Xyf4vDTowdSDjmhNQV4wL1O865z1", "group": "system", "action": "user_logged_in", "timestamp": "2025-11-30T22:10:33.348918+00:00", "details": {"email": "scanmydata@hotmail.com"}}
{"user_id": "7", "group": "system", "action": "logout", "timestamp": "2025-11-30T22:10:46.515901+00:00", "details": {"user_id": "7", "user_email": "scanmydata@hotmail.com", "user_username": "scanmydata@hotmail.com", "group": "system", "action": "logout", "timestamp": "2025-11-30T22:10:46.515901+00:00", "ip_address": "127.0.0.1", "details": {"email": "scanmydata@hotmail.com", "username": "scanmydata@hotmail.com"}, "description": "Αποσύνδεση χρήστη"}}
{"user_id": "ngDiP2lBsRNoEfSC9Mez4TTPJM53", "group": "system", "action": "user_login_attempt", "timestamp": "2025-11-30T22:11:21.747855+00:00", "details": {"email": "adonis.douramanis@gmail.com"}}
{"user_id": "ngDiP2lBsRNoEfSC9Mez4TTPJM53", "group": "system", "action": "login", "timestamp": "2025-11-30T22:11:21.854855+00:00", "details": {"user_id": "ngDiP2lBsRNoEfSC9Mez4TTPJM53", "user_email": "adonis.douramanis@gmail.com", "user_username": "adonis.douramanis@gmail.com", "group": "system", "action": "login", "timestamp": "2025-11-30T22:11:21.854855+00:00", "ip_address": "127.0.0.1", "details": {"email": "adonis.douramanis@gmail.com", "username": "adonis.douramanis@gmail.com", "is_admin": true, "groups_count": 1}, "description": "Σύνδεση χρήστη"}}
{"user_id": "ngDiP2lBsRNoEfSC9Mez4TTPJM53", "group": "system", "action": "user_logged_in", "timestamp": "2025-11-30T22:11:21.940854+00:00", "details": {"email": "adonis.douramanis@gmail.com"}}
{"user_id": "jTOkpAW9VwMO2sKEOy8aCi2GZYK2", "group": "system", "action": "user_registered", "timestamp": "2025-12-01T17:06:28.989820+00:00", "details": {"email": "testsignup_20251201170627@example.com"}}
{"user_id": "8", "group": "system", "action": "signup_complete", "timestamp": "2025-12-01T17:06:29.177320+00:00", "details": {"user_id": "8", "user_email": "testsignup_20251201170627@example.com", "user_username": "testsignup_20251201170627@example.com", "group": "system", "action": "signup_complete", "timestamp": "2025-12-01T17:06:29.177320+00:00", "ip_address": "127.0.0.1", "details": {"email": "testsignup_20251201170627@example.com", "username": "testsignup_20251201170627@example.com", "description": "Ολοκλήρωση εγγραφής χρήστη"}, "description": "signup_complete"}}
{"user_id": "ngDiP2lBsRNoEfSC9Mez4TTPJM53", "group": "system", "action": "user_login_attempt", "timestamp": "2025-12-01T17:07:25.911303+00:00", "details": {"email": "adonis.douramanis@gmail.com"}}
{"user_id": "ngDiP2lBsRNoEfSC9Mez4TTPJM53", "group": "system", "action": "login", "timestamp": "2025-12-01T17:07:26.108802+00:00", "details": {"user_id": "ngDiP2lBsRNoEfSC9Mez4TTPJM53", "user_email": "adonis.douramanis@gmail.com", "user_username": "adonis.douramanis@gmail.com", "group": "system", "action": "login", "timestamp": "2025-12-01T17:07:26.108802+00:00", "ip_address": "127.0.0.1", "details": {"email": "adonis.douramanis@gmail.com", "username": "adonis.douramanis@gmail.com", "is_admin": true, "groups_count": 1}, "description": "Σύνδεση χρήστη"}}
{"user_id": "ngDiP2lBsRNoEfSC9Mez4TTPJM53", "group": "system", "action": "user_logged_in", "timestamp": "2025-12-01T17:07:26.198802+00:00", "details": {"email": "adonis.douramanis@gmail.com"}}
{"user_id": "ngDiP2lBsRNoEfSC9Mez4TTPJM53", "group": "system", "action": "user_login_attempt", "timestamp": "2025-12-01T17:08:13.992799+00:00", "details": {"email": "adonis.douramanis@gmail.com"}}
{"user_id": "ngDiP2lBsRNoEfSC9Mez4TTPJM53", "group": "system", "action": "login", "timestamp": "2025-12-01T17:08:14.100800+00:00", "details": {"user_id": "ngDiP2lBsRNoEfSC9Mez4TTPJM53", "user_email": "adonis.douramanis@gmail.com", "user_username": "adonis.douramanis@gmail.com", "group": "system", "action": "login", "timestamp": "2025-12-01T17:08:14.100800+00:00", "ip_address": "127.0.0.1", "details": {"email": "adonis.douramanis@gmail.com", "username": "adonis.douramanis@gmail.com", "is_admin": true, "groups_count": 1}, "description": "Σύνδεση χρήστη"}}
{"user_id": "ngDiP2lBsRNoEfSC9Mez4TTPJM53", "group": "system", "action": "user_logged_in", "timestamp": "2025-12-01T17:08:14.189299+00:00", "details": {"email": "adonis.douramanis@gmail.com"}}
{"user_id": "t04dm47o8eQwopvBmQV9Jd1dtDt2", "group": "system", "action": "user_login_attempt", "timestamp": "2025-12-01T17:34:00.393591+00:00", "details": {"email": "douradonis@hotmail.com"}}
{"user_id": "t04dm47o8eQwopvBmQV9Jd1dtDt2", "group": "system", "action": "login", "timestamp": "2025-12-01T17:34:00.718321+00:00", "details": {"user_id": "t04dm47o8eQwopvBmQV9Jd1dtDt2", "user_email": "douradonis@hotmail.com", "user_username": "douradonis@hotmail.com", "group": "system", "action": "login", "timestamp": "2025-12-01T17:34:00.718321+00:00", "ip_address": "127.0.0.1", "details": {"email": "douradonis@hotmail.com", "username": "douradonis@hotmail.com", "is_admin": false, "groups_count": 1}, "description": "Σύνδεση χρήστη"}}
{"user_id": "t04dm47o8eQwopvBmQV9Jd1dtDt2", "group": "system", "action": "user_logged_in", "timestamp": "2025-12-01T17:34:00.803816+00:00", "details": {"email": "douradonis@hotmail.com"}}
{"user_id": "t04dm47o8eQwopvBmQV9Jd1dtDt2", "group": "system", "action": "user_login_attempt", "timestamp": "2025-12-01T17:40:53.016306+00:00", "details": {"email": "douradonis@hotmail.com"}}
{"user_id": "t04dm47o8eQwopvBmQV9Jd1dtDt2", "group": "system", "action": "login", "timestamp": "2025-12-01T17:40:53.350323+00:00", "details": {"user_id": "t04dm47o8eQwopvBmQV9Jd1dtDt2", "user_email": "douradonis@hotmail.com", "user_username": "douradonis@hotmail.com", "group": "system", "action": "login", "timestamp": "2025-12-01T17:40:53.350323+00:00", "ip_address": "127.0.0.1", "details": {"email": "douradonis@hotmail.com", "username": "douradonis@hotmail.com", "is_admin": false, "groups_count": 1}, "description": "Σύνδεση χρήστη"}}
{"user_id": "t04dm47o8eQwopvBmQV9Jd1dtDt2", "group": "system", "action": "user_logged_in", "timestamp": "2025-12-01T17:40:53.437825+00:00", "details": {"email": "douradonis@hotmail.com"}}
{"user_id": "t04dm47o8eQwopvBmQV9Jd1dtDt2", "group": "system", "action": "user_login_attempt", "timestamp": "2025-12-01T17:51:14.417815+00:00", "details": {"email": "douradonis@hotmail.com"}}
{"user_id": "t04dm47o8eQwopvBmQV9Jd1dtDt2", "group": "system", "action": "login", "timestamp": "2025-12-01T17:51:14.779944+00:00", "details": {"user_id": "t04dm47o8eQwopvBmQV9Jd1dtDt2", "user_email": "douradonis@hotmail.com", "user_username": "douradonis@hotmail.com", "group": "system", "action": "login", "timestamp": "2025-12-01T17:51:14.779444+00:00", "ip_address": "127.0.0.1", "details": {"email": "douradonis@hotmail.com", "username": "douradonis@hotmail.com", "is_admin": false, "groups_count": 1}, "description": "Σύνδεση χρήστη"}}
{"user_id": "t04dm47o8eQwopvBmQV9Jd1dtDt2", "group": "system", "action": "user_logged_in", "timestamp": "2025-12-01T17:51:14.869444+00:00", "details": {"email": "douradonis@hotmail.com"}}
{"user_id": "t04dm47o8eQwopvBmQV9Jd1dtDt2", "group": "system", "action": "user_login_attempt", "timestamp": "2025-12-01T18:24:09.238806+00:00", "details": {"email": "douradonis@hotmail.com"}}
{"user_id": "ngDiP2lBsRNoEfSC9Mez4TTPJM53", "group": "system", "action": "user_login_attempt", "timestamp": "2025-12-01T18:33:00.885816+00:00", "details": {"email": "adonis.douramanis@gmail.com"}}
{"user_id": "ngDiP2lBsRNoEfSC9Mez4TTPJM53", "group": "system", "action": "login", "timestamp": "2025-12-01T18:33:01.185865+00:00", "details": {"user_id": "ngDiP2lBsRNoEfSC9Mez4TTPJM53", "user_email": "adonis.douramanis@gmail.com", "user_username": "adonis.douramanis@gmail.com", "group": "system", "action": "login", "timestamp": "2025-12-01T18:33:01.185865+00:00", "ip_address": "127.0.0.1", "details": {"email": "adonis.douramanis@gmail.com", "username": "adonis.douramanis@gmail.com", "is_admin": true, "groups_count": 1}, "description": "Σύνδεση χρήστη"}}
{"user_id": "ngDiP2lBsRNoEfSC9Mez4TTPJM53", "group": "system", "action": "user_logged_in", "timestamp": "2025-12-01T18:33:01.279365+00:00", "details": {"email": "adonis.douramanis@gmail.com"}}
{"user_id": "ngDiP2lBsRNoEfSC9Mez4TTPJM53", "group": "system", "action": "user_login_attempt", "timestamp": "2025-12-01T19:02:59.250878+00:00", "details": {"email": "adonis.douramanis@gmail.com"}}
{"user_id": "ngDiP2lBsRNoEfSC9Mez4TTPJM53", "group": "system", "action": "login", "timestamp": "2025-12-01T19:02:59.359436+00:00", "details": {"user_id": "ngDiP2lBsRNoEfSC9Mez4TTPJM53", "user_email": "adonis.douramanis@gmail.com", "user_username": "adonis.douramanis@gmail.com", "group": "system", "action": "login", "timestamp": "2025-12-01T19:02:59.359436+00:00", "ip_address": "127.0.0.1", "details": {"email": "adonis.douramanis@gmail.com", "username": "adonis.douramanis@gmail.com", "is_admin": true, "groups_count": 1}, "description": "Σύνδεση χρήστη"}}
{"user_id": "ngDiP2lBsRNoEfSC9Mez4TTPJM53", "group": "system", "action": "user_logged_in", "timestamp": "2025-12-01T19:02:59.447436+00:00", "details": {"email": "adonis.douramanis@gmail.com"}}
{"user_id": "t04dm47o8eQwopvBmQV9Jd1dtDt2", "group": "system", "action": "user_login_attempt", "timestamp": "2025-12-01T19:03:37.501315+00:00", "details": {"email": "douradonis@hotmail.com"}}
{"user_id": "t04dm47o8eQwopvBmQV9Jd1dtDt2", "group": "system", "action": "login", "timestamp": "2025-12-01T19:03:37.842316+00:00", "details": {"user_id": "t04dm47o8eQwopvBmQV9Jd1dtDt2", "user_email": "douradonis@hotmail.com", "user_username": "douradonis@hotmail.com", "group": "system", "action": "login", "timestamp": "2025-12-01T19:03:37.842316+00:00", "ip_address": "127.0.0.1", "details": {"email": "douradonis@hotmail.com", "username": "douradonis@hotmail.com", "is_admin": false, "groups_count": 2}, "description": "Σύνδεση χρήστη"}}
{"user_id": "t04dm47o8eQwopvBmQV9Jd1dtDt2", "group": "system", "action": "user_logged_in", "timestamp": "2025-12-01T19:03:37.925316+00:00", "details": {"email": "douradonis@hotmail.com"}}
{"user_id": "ngDiP2lBsRNoEfSC9Mez4TTPJM53", "group": "system", "action": "user_login_attempt", "timestamp": "2025-12-01T19:35:53.110802+00:00", "details": {"email": "adonis.douramanis@gmail.com"}}
{"user_id": "ngDiP2lBsRNoEfSC9Mez4TTPJM53", "group": "system", "action": "login", "timestamp": "2025-12-01T19:35:53.430307+00:00", "details": {"user_id": "ngDiP2lBsRNoEfSC9Mez4TTPJM53", "user_email": "adonis.douramanis@gmail.com", "user_username": "adonis.douramanis@gmail.com", "group": "system", "action": "login", "timestamp": "2025-12-01T19:35:53.430307+00:00", "ip_address": "127.0.0.1", "details": {"email": "adonis.douramanis@gmail.com", "username": "adonis.douramanis@gmail.com", "is_admin": true, "groups_count": 1}, "description": "Σύνδεση χρήστη"}}
{"user_id": "ngDiP2lBsRNoEfSC9Mez4TTPJM53", "group": "system", "action": "user_logged_in", "timestamp": "2025-12-01T19:35:53.520807+00:00", "details": {"email": "adonis.douramanis@gmail.com"}}
{"user_id": "t04dm47o8eQwopvBmQV9Jd1dtDt2", "group": "system", "action": "user_login_attempt", "timestamp": "2025-12-01T19:36:24.671348+00:00", "details": {"email": "douradonis@hotmail.com"}}
{"user_id": "t04dm47o8eQwopvBmQV9Jd1dtDt2", "group": "system", "action": "login", "timestamp": "2025-12-01T19:36:24.999319+00:00", "details": {"user_id": "t04dm47o8eQwopvBmQV9Jd1dtDt2", "user_email": "douradonis@hotmail.com", "user_username": "douradonis@hotmail.com", "group": "system", "action": "login", "timestamp": "2025-12-01T19:36:24.999319+00:00", "ip_address": "127.0.0.1", "details": {"email": "douradonis@hotmail.com", "username": "douradonis@hotmail.com", "is_admin": false, "groups_count": 2}, "description": "Σύνδεση χρήστη"}}
{"user_id": "t04dm47o8eQwopvBmQV9Jd1dtDt2", "group": "system", "action": "user_logged_in", "timestamp": "2025-12-01T19:36:25.112999+00:00", "details": {"email": "douradonis@hotmail.com"}}
{"user_id": "ngDiP2lBsRNoEfSC9Mez4TTPJM53", "group": "system", "action": "user_login_attempt", "timestamp": "2025-12-01T19:53:29.641305+00:00", "details": {"email": "adonis.douramanis@gmail.com"}}
{"user_id": "ngDiP2lBsRNoEfSC9Mez4TTPJM53", "group": "system", "action": "login", "timestamp": "2025-12-01T19:53:29.751821+00:00", "details": {"user_id": "ngDiP2lBsRNoEfSC9Mez4TTPJM53", "user_email": "adonis.douramanis@gmail.com", "user_username": "adonis.douramanis@gmail.com", "group": "system", "action": "login", "timestamp": "2025-12-01T19:53:29.751821+00:00", "ip_address": "127.0.0.1", "details": {"email": "adonis.douramanis@gmail.com", "username": "adonis.douramanis@gmail.com", "is_admin": true, "groups_count": 2}, "description": "Σύνδεση χρήστη"}}
{"user_id": "ngDiP2lBsRNoEfSC9Mez4TTPJM53", "group": "system", "action": "user_logged_in", "timestamp": "2025-12-01T19:53:29.838821+00:00", "details": {"email": "adonis.douramanis@gmail.com"}}
{"user_id": "5", "group": "system", "action": "logout", "timestamp": "2025-12-01T19:53:48.350316+00:00", "details": {"user_id": "5", "user_email": "adonis.douramanis@gmail.com", "user_username": "adonis.douramanis@gmail.com", "group": "system", "action": "logout", "timestamp": "2025-12-01T19:53:48.350316+00:00", "ip_address": "127.0.0.1", "details": {"email": "adonis.douramanis@gmail.com", "username": "adonis.douramanis@gmail.com"}, "description": "Αποσύνδεση χρήστη"}}
{"user_id": "t04dm47o8eQwopvBmQV9Jd1dtDt2", "group": "system", "action": "user_login_attempt", "timestamp": "2025-12-01T19:53:51.754806+00:00", "details": {"email": "douradonis@hotmail.com"}}
{"user_id": "t04dm47o8eQwopvBmQV9Jd1dtDt2", "group": "system", "action": "login", "timestamp": "2025-12-01T19:53:52.097307+00:00", "details": {"user_id": "t04dm47o8eQwopvBmQV9Jd1dtDt2", "user_email": "douradonis@hotmail.com", "user_username": "douradonis@hotmail.com", "group": "system", "action": "login", "timestamp": "2025-12-01T19:53:52.097307+00:00", "ip_address": "127.0.0.1", "details": {"email": "douradonis@hotmail.com", "username": "douradonis@hotmail.com", "is_admin": false, "groups_count": 2}, "description": "Σύνδεση χρήστη"}}
{"user_id": "t04dm47o8eQwopvBmQV9Jd1dtDt2", "group": "system", "action": "user_logged_in", "timestamp": "2025-12-01T19:53:52.183806+00:00", "details": {"email": "douradonis@hotmail.com"}}
{"user_id": "ngDiP2lBsRNoEfSC9Mez4TTPJM53", "group": "system", "action": "user_login_attempt", "timestamp": "2025-12-01T19:59:30.808844+00:00", "details": {"email": "adonis.douramanis@gmail.com"}}
{"user_id": "ngDiP2lBsRNoEfSC9Mez4TTPJM53", "group": "system", "action": "login", "timestamp": "2025-12-01T19:59:30.920844+00:00", "details": {"user_id": "ngDiP2lBsRNoEfSC9Mez4TTPJM53", "user_email": "adonis.douramanis@gmail.com", "user_username": "adonis.douramanis@gmail.com", "group": "system", "action": "login", "timestamp": "2025-12-01T19:59:30.920844+00:00", "ip_address": "127.0.0.1", "details": {"email": "adonis.douramanis@gmail.com", "username": "adonis.douramanis@gmail.com", "is_admin": true, "groups_count": 2}, "description": "Σύνδεση χρήστη"}}
{"user_id": "ngDiP2lBsRNoEfSC9Mez4TTPJM53", "group": "system", "action": "user_logged_in", "timestamp": "2025-12-01T19:59:31.011344+00:00", "details": {"email": "adonis.douramanis@gmail.com"}}
{"user_id": "t04dm47o8eQwopvBmQV9Jd1dtDt2", "group": "system", "action": "user_login_attempt", "timestamp": "2025-12-01T20:04:53.276324+00:00", "details": {"email": "douradonis@hotmail.com"}}
{"user_id": "t04dm47o8eQwopvBmQV9Jd1dtDt2", "group": "system", "action": "login", "timestamp": "2025-12-01T20:04:53.613823+00:00", "details": {"user_id": "t04dm47o8eQwopvBmQV9Jd1dtDt2", "user_email": "douradonis@hotmail.com", "user_username": "douradonis@hotmail.com", "group": "system", "action": "login", "timestamp": "2025-12-01T20:04:53.613823+00:00", "ip_address": "127.0.0.1", "details": {"email": "douradonis@hotmail.com", "username": "douradonis@hotmail.com", "is_admin": false, "groups_count": 2}, "description": "Σύνδεση χρήστη"}}
{"user_id": "t04dm47o8eQwopvBmQV9Jd1dtDt2", "group": "system", "action": "user_logged_in", "timestamp": "2025-12-01T20:04:53.701811+00:00", "details": {"email": "douradonis@hotmail.com"}}
{"user_id": "t04dm47o8eQwopvBmQV9Jd1dtDt2", "group": "system", "action": "user_login_attempt", "timestamp": "2025-12-01T20:11:05.246861+00:00", "details": {"email": "douradonis@hotmail.com"}}
{"user_id": "t04dm47o8eQwopvBmQV9Jd1dtDt2", "group": "system", "action": "login", "timestamp": "2025-12-01T20:11:05.729855+00:00", "details": {"user_id": "t04dm47o8eQwopvBmQV9Jd1dtDt2", "user_email": "douradonis@hotmail.com", "user_username": "douradonis@hotmail.com", "group": "system", "action": "login", "timestamp": "2025-12-01T20:11:05.729855+00:00", "ip_address": "127.0.0.1", "details": {"email": "douradonis@hotmail.com", "username": "douradonis@hotmail.com", "is_admin": false, "groups_count": 2}, "description": "Σύνδεση χρήστη"}}
{"user_id": "t04dm47o8eQwopvBmQV9Jd1dtDt2", "group": "system", "action": "user_logged_in", "timestamp": "2025-12-01T20:11:05.814854+00:00", "details": {"email": "douradonis@hotmail.com"}}
{"user_id": "ngDiP2lBsRNoEfSC9Mez4TTPJM53", "group": "system", "action": "user_login_attempt", "timestamp": "2025-12-01T20:11:31.853957+00:00", "details": {"email": "adonis.douramanis@gmail.com"}}
{"user_id": "ngDiP2lBsRNoEfSC9Mez4TTPJM53", "group": "system", "action": "login", "timestamp": "2025-12-01T20:11:31.961958+00:00", "details": {"user_id": "ngDiP2lBsRNoEfSC9Mez4TTPJM53", "user_email": "adonis.douramanis@gmail.com", "user_username": "adonis.douramanis@gmail.com", "group": "system", "action": "login", "timestamp": "2025-12-01T20:11:31.961958+00:00", "ip_address": "127.0.0.1", "details": {"email": "adonis.douramanis@gmail.com", "username": "adonis.douramanis@gmail.com", "is_admin": true, "groups_count": 1}, "description": "Σύνδεση χρήστη"}}
{"user_id": "ngDiP2lBsRNoEfSC9Mez4TTPJM53", "group": "system", "action": "user_logged_in", "timestamp": "2025-12-01T20:11:32.058458+00:00", "details": {"email": "adonis.douramanis@gmail.com"}}
{"user_id": "t04dm47o8eQwopvBmQV9Jd1dtDt2", "group": "system", "action": "user_login_attempt", "timestamp": "2025-12-01T20:13:00.061317+00:00", "details": {"email": "douradonis@hotmail.com"}}
{"user_id": "t04dm47o8eQwopvBmQV9Jd1dtDt2", "group": "system", "action": "login", "timestamp": "2025-12-01T20:13:00.393317+00:00", "details": {"user_id": "t04dm47o8eQwopvBmQV9Jd1dtDt2", "user_email": "douradonis@hotmail.com", "user_username": "douradonis@hotmail.com", "group": "system", "action": "login", "timestamp": "2025-12-01T20:13:00.393317+00:00", "ip_address": "127.0.0.1", "details": {"email": "douradonis@hotmail.com", "username": "douradonis@hotmail.com", "is_admin": false, "groups_count": 2}, "description": "Σύνδεση χρήστη"}}
{"user_id": "t04dm47o8eQwopvBmQV9Jd1dtDt2", "group": "system", "action": "user_logged_in", "timestamp": "2025-12-01T20:13:00.468816+00:00", "details": {"email": "douradonis@hotmail.com"}}
{"user_id": "ngDiP2lBsRNoEfSC9Mez4TTPJM53", "group": "system", "action": "user_login_attempt", "timestamp": "2025-12-01T20:15:20.006783+00:00", "details": {"email": "adonis.douramanis@gmail.com"}}
{"user_id": "ngDiP2lBsRNoEfSC9Mez4TTPJM53", "group": "system", "action": "login", "timestamp": "2025-12-01T20:15:20.118783+00:00", "details": {"user_id": "ngDiP2lBsRNoEfSC9Mez4TTPJM53", "user_email": "adonis.douramanis@gmail.com", "user_username": "adonis.douramanis@gmail.com", "group": "system", "action": "login", "timestamp": "2025-12-01T20:15:20.118783+00:00", "ip_address": "127.0.0.1", "details": {"email": "adonis.douramanis@gmail.com", "username": "adonis.douramanis@gmail.com", "is_admin": true, "groups_count": 1}, "description": "Σύνδεση χρήστη"}}
{"user_id": "ngDiP2lBsRNoEfSC9Mez4TTPJM53", "group": "system", "action": "user_logged_in", "timestamp": "2025-12-01T20:15:20.207319+00:00", "details": {"email": "adonis.douramanis@gmail.com"}}
{"user_id": "t04dm47o8eQwopvBmQV9Jd1dtDt2", "group": "system", "action": "user_login_attempt", "timestamp": "2025-12-01T20:18:08.081323+00:00", "details": {"email": "douradonis@hotmail.com"}}
{"user_id": "t04dm47o8eQwopvBmQV9Jd1dtDt2", "group": "system", "action": "login", "timestamp": "2025-12-01T20:18:08.422676+00:00", "details": {"user_id": "t04dm47o8eQwopvBmQV9Jd1dtDt2", "user_email": "douradonis@hotmail.com", "user_username": "douradonis@hotmail.com", "group": "system", "action": "login", "timestamp": "2025-12-01T20:18:08.422676+00:00", "ip_address": "127.0.0.1", "details": {"email": "douradonis@hotmail.com", "username": "douradonis@hotmail.com", "is_admin": false, "groups_count": 2}, "description": "Σύνδεση χρήστη"}}
{"user_id": "t04dm47o8eQwopvBmQV9Jd1dtDt2", "group": "system", "action": "user_logged_in", "timestamp": "2025-12-01T20:18:08.510681+00:00", "details": {"email": "douradonis@hotmail.com"}}
{"user_id": "ngDiP2lBsRNoEfSC9Mez4TTPJM53", "group": "system", "action": "user_login_attempt", "timestamp": "2025-12-01T20:18:36.427311+00:00", "details": {"email": "adonis.douramanis@gmail.com"}}
{"user_id": "ngDiP2lBsRNoEfSC9Mez4TTPJM53", "group": "system", "action": "login", "timestamp": "2025-12-01T20:18:36.537313+00:00", "details": {"user_id": "ngDiP2lBsRNoEfSC9Mez4TTPJM53", "user_email": "adonis.douramanis@gmail.com", "user_username": "adonis.douramanis@gmail.com", "group": "system", "action": "login", "timestamp": "2025-12-01T20:18:36.537313+00:00", "ip_address": "127.0.0.1", "details": {"email": "adonis.douramanis@gmail.com", "username": "adonis.douramanis@gmail.com", "is_admin": true, "groups_count": 1}, "description": "Σύνδεση χρήστη"}}
{"user_id": "ngDiP2lBsRNoEfSC9Mez4TTPJM53", "group": "system", "action": "user_logged_in", "timestamp": "2025-12-01T20:18:36.624311+00:00", "details": {"email": "adonis.douramanis@gmail.com"}}
{"user_id": "ngDiP2lBsRNoEfSC9Mez4TTPJM53", "group": "system", "action": "user_login_attempt", "timestamp": "2025-12-01T21:03:59.516274+00:00", "details": {"email": "adonis.douramanis@gmail.com"}}
{"user_id": "ngDiP2lBsRNoEfSC9Mez4TTPJM53", "group": "system", "action": "login", "timestamp": "2025-12-01T21:03:59.621296+00:00", "details": {"user_id": "ngDiP2lBsRNoEfSC9Mez4TTPJM53", "user_email": "adonis.douramanis@gmail.com", "user_username": "adonis.douramanis@gmail.com", "group": "system", "action": "login", "timestamp": "2025-12-01T21:03:59.621296+00:00", "ip_address": "127.0.0.1", "details": {"email": "adonis.douramanis@gmail.com", "username": "adonis.douramanis@gmail.com", "is_admin": true, "groups_count": 1}, "description": "Σύνδεση χρήστη"}}
{"user_id": "ngDiP2lBsRNoEfSC9Mez4TTPJM53", "group": "system", "action": "user_logged_in", "timestamp": "2025-12-01T21:03:59.721796+00:00", "details": {"email": "adonis.douramanis@gmail.com"}}
{"user_id": "douradonis@hotmail.com", "group": "system", "action": "forgot_password_request_error", "timestamp": "2025-12-01T21:22:49.033828+00:00", "details": {"user_id": "douradonis@hotmail.com", "user_email": "douradonis@hotmail.com", "user_username": "douradonis@hotmail.com", "group": "system", "action": "forgot_password_request_error", "timestamp": "2025-12-01T21:22:49.033828+00:00", "ip_address": "127.0.0.1", "details": {"email": "douradonis@hotmail.com", "error": "type object 'FirebaseAuthHandler' has no attribute 'generate_password_reset_link'", "description": "Σφάλμα κατά επεξεργασία αιτήματος επαναφοράς"}, "description": "forgot_password_request_error"}}
{"user_id": "ngDiP2lBsRNoEfSC9Mez4TTPJM53", "group": "system", "action": "user_login_attempt", "timestamp": "2025-12-01T21:22:57.316810+00:00", "details": {"email": "adonis.douramanis@gmail.com"}}
{"user_id": "ngDiP2lBsRNoEfSC9Mez4TTPJM53", "group": "system", "action": "login", "timestamp": "2025-12-01T21:22:57.436310+00:00", "details": {"user_id": "ngDiP2lBsRNoEfSC9Mez4TTPJM53", "user_email": "adonis.douramanis@gmail.com", "user_username": "adonis.douramanis@gmail.com", "group": "system", "action": "login", "timestamp": "2025-12-01T21:22:57.436310+00:00", "ip_address": "127.0.0.1", "details": {"email": "adonis.douramanis@gmail.com", "username": "adonis.douramanis@gmail.com", "is_admin": true, "groups_count": 1}, "description": "Σύνδεση χρήστη"}}
{"user_id": "ngDiP2lBsRNoEfSC9Mez4TTPJM53", "group": "system", "action": "user_logged_in", "timestamp": "2025-12-01T21:22:57.533809+00:00", "details": {"email": "adonis.douramanis@gmail.com"}}
{"user_id": "douradonis@hotmail.com", "group": "system", "action": "forgot_password_request_error", "timestamp": "2025-12-01T21:25:53.911818+00:00", "details": {"user_id": "douradonis@hotmail.com", "user_email": "douradonis@hotmail.com", "user_username": "douradonis@hotmail.com", "group": "system", "action": "forgot_password_request_error", "timestamp": "2025-12-01T21:25:53.911818+00:00", "ip_address": "127.0.0.1", "details": {"email": "douradonis@hotmail.com", "error": "type object 'FirebaseAuthHandler' has no attribute 'generate_password_reset_link'", "description": "Σφάλμα κατά επεξεργασία αιτήματος επαναφοράς"}, "description": "forgot_password_request_error"}}
{"user_id": "x8EPgxPdSEXfdjije9jnFSMd9T63", "group": "system", "action": "user_registered", "timestamp": "2025-12-01T21:32:48.109320+00:00", "details": {"email": "tonydodge225@gmail.com"}}
{"user_id": "tonydodge225@gmail.com", "group": "system", "action": "signup_request", "timestamp": "2025-12-01T21:32:48.214819+00:00", "details": {"user_id": "tonydodge225@gmail.com", "user_email": "tonydodge225@gmail.com", "user_username": "tonydodge225@gmail.com", "group": "system", "action": "signup_request", "timestamp": "2025-12-01T21:32:48.214819+00:00", "ip_address": "127.0.0.1", "details": {"email": "tonydodge225@gmail.com", "display_name": "tonydodge", "success": true, "description": "Αίτημα εγγραφής χρήστη"}, "description": "signup_request"}}
{"user_id": "tonydodge225@gmail.com", "group": "system", "action": "verification_email_sent", "timestamp": "2025-12-01T21:32:49.988000+00:00", "details": {"email": "tonydodge225@gmail.com", "timestamp": "2025-12-01T21:32:49.988000+00:00"}}
{"user_id": "x8EPgxPdSEXfdjije9jnFSMd9T63", "group": "system", "action": "user_signup_complete", "timestamp": "2025-12-01T21:32:50.086998+00:00", "details": {"email": "tonydodge225@gmail.com", "verification_email_sent": true}}
{"user_id": "8", "group": "system", "action": "signup_complete", "timestamp": "2025-12-01T21:32:50.175498+00:00", "details": {"user_id": "8", "user_email": "tonydodge225@gmail.com", "user_username": "tonydodge225@gmail.com", "group": "system", "action": "signup_complete", "timestamp": "2025-12-01T21:32:50.175498+00:00", "ip_address": "127.0.0.1", "details": {"email": "tonydodge225@gmail.com", "verification_email_sent": true, "description": "Ολοκλήρωση εγγραφής χρήστη"}, "description": "signup_complete"}}
{"user_id": "douradonis@hotmail.com", "group": "system", "action": "forgot_password_request", "timestamp": "2025-12-01T21:33:04.481813+00:00", "details": {"user_id": "douradonis@hotmail.com", "user_email": "douradonis@hotmail.com", "user_username": "douradonis@hotmail.com", "group": "system", "action": "forgot_password_request", "timestamp": "2025-12-01T21:33:04.481813+00:00", "ip_address": "127.0.0.1", "details": {"email": "douradonis@hotmail.com", "sent": true, "description": "Αποστολή συνδέσμου επαναφοράς"}, "description": "forgot_password_request"}}
{"user_id": "douradonis@hotmail.com", "group": "system", "action": "forgot_password_request", "timestamp": "2025-12-01T21:36:26.392324+00:00", "details": {"user_id": "douradonis@hotmail.com", "user_email": "douradonis@hotmail.com", "user_username": "douradonis@hotmail.com", "group": "system", "action": "forgot_password_request", "timestamp": "2025-12-01T21:36:26.392324+00:00", "ip_address": "127.0.0.1", "details": {"email": "douradonis@hotmail.com", "sent": true, "description": "Αποστολή συνδέσμου επαναφοράς"}, "description": "forgot_password_request"}}
{"user_id": "t04dm47o8eQwopvBmQV9Jd1dtDt2", "group": "system", "action": "user_logged_in_successfully", "timestamp": "2025-12-01T21:36:54.094389+00:00", "details": {"email": "douradonis@hotmail.com"}}
{"user_id": "t04dm47o8eQwopvBmQV9Jd1dtDt2", "group": "system", "action": "login", "timestamp": "2025-12-01T21:36:54.415388+00:00", "details": {"user_id": "t04dm47o8eQwopvBmQV9Jd1dtDt2", "user_email": "douradonis@hotmail.com", "user_username": "douradonis@hotmail.com", "group": "system", "action": "login", "timestamp": "2025-12-01T21:36:54.415388+00:00", "ip_address": "127.0.0.1", "details": {"email": "douradonis@hotmail.com", "username": "douradonis@hotmail.com", "is_admin": false, "groups_count": 3}, "description": "Σύνδεση χρήστη"}}
{"user_id": "t04dm47o8eQwopvBmQV9Jd1dtDt2", "group": "system", "action": "user_logged_in", "timestamp": "2025-12-01T21:36:54.504389+00:00", "details": {"email": "douradonis@hotmail.com"}}
{"user_id": "6", "group": "system", "action": "logout", "timestamp": "2025-12-01T21:37:12.742820+00:00", "details": {"user_id": "6", "user_email": "douradonis@hotmail.com", "user_username": "douradonis@hotmail.com", "group": "system", "action": "logout", "timestamp": "2025-12-01T21:37:12.742820+00:00", "ip_address": "127.0.0.1", "details": {"email": "douradonis@hotmail.com", "username": "douradonis@hotmail.com"}, "description": "Αποσύνδεση χρήστη"}}
{"user_id": "t04dm47o8eQwopvBmQV9Jd1dtDt2", "group": "system", "action": "user_logged_in_successfully", "timestamp": "2025-12-01T21:37:14.980264+00:00", "details": {"email": "douradonis@hotmail.com"}}
{"user_id": "t04dm47o8eQwopvBmQV9Jd1dtDt2", "group": "system", "action": "login", "timestamp": "2025-12-01T21:37:15.337764+00:00", "details": {"user_id": "t04dm47o8eQwopvBmQV9Jd1dtDt2", "user_email": "douradonis@hotmail.com", "user_username": "douradonis@hotmail.com", "group": "system", "action": "login", "timestamp": "2025-12-01T21:37:15.337764+00:00", "ip_address": "127.0.0.1", "details": {"email": "douradonis@hotmail.com", "username": "douradonis@hotmail.com", "is_admin": false, "groups_count": 3}, "description": "Σύνδεση χρήστη"}}
{"user_id": "t04dm47o8eQwopvBmQV9Jd1dtDt2", "group": "system", "action": "user_logged_in", "timestamp": "2025-12-01T21:37:15.426264+00:00", "details": {"email": "douradonis@hotmail.com"}}
{"user_id": "adonis.douramanis@gmail.com", "group": "system", "action": "forgot_password_request", "timestamp": "2025-12-01T21:38:40.830880+00:00", "details": {"user_id": "adonis.douramanis@gmail.com", "user_email": "adonis.douramanis@gmail.com", "user_username": "adonis.douramanis@gmail.com", "group": "system", "action": "forgot_password_request", "timestamp": "2025-12-01T21:38:40.830880+00:00", "ip_address": "127.0.0.1", "details": {"email": "adonis.douramanis@gmail.com", "sent": true, "description": "Αποστολή συνδέσμου επαναφοράς"}, "description": "forgot_password_request"}}
{"user_id": "ngDiP2lBsRNoEfSC9Mez4TTPJM53", "group": "system", "action": "user_logged_in_successfully", "timestamp": "2025-12-01T21:39:28.319983+00:00", "details": {"email": "adonis.douramanis@gmail.com"}}
{"user_id": "ngDiP2lBsRNoEfSC9Mez4TTPJM53", "group": "system", "action": "login", "timestamp": "2025-12-01T21:39:28.426982+00:00", "details": {"user_id": "ngDiP2lBsRNoEfSC9Mez4TTPJM53", "user_email": "adonis.douramanis@gmail.com", "user_username": "adonis.douramanis@gmail.com", "group": "system", "action": "login", "timestamp": "2025-12-01T21:39:28.426982+00:00", "ip_address": "127.0.0.1", "details": {"email": "adonis.douramanis@gmail.com", "username": "adonis.douramanis@gmail.com", "is_admin": true, "groups_count": 1}, "description": "Σύνδεση χρήστη"}}
{"user_id": "ngDiP2lBsRNoEfSC9Mez4TTPJM53", "group": "system", "action": "user_logged_in", "timestamp": "2025-12-01T21:39:28.523982+00:00", "details": {"email": "adonis.douramanis@gmail.com"}}
{"user_id": "douradonis@hotmail.com", "group": "system", "action": "forgot_password_request", "timestamp": "2025-12-01T22:05:08.846814+00:00", "details": {"user_id": "douradonis@hotmail.com", "user_email": "douradonis@hotmail.com", "user_username": "douradonis@hotmail.com", "group": "system", "action": "forgot_password_request", "timestamp": "2025-12-01T22:05:08.846814+00:00", "ip_address": "127.0.0.1", "details": {"email": "douradonis@hotmail.com", "sent": true, "description": "Αποστολή συνδέσμου επαναφοράς"}, "description": "forgot_password_request"}}
{"user_id": "ngDiP2lBsRNoEfSC9Mez4TTPJM53", "group": "system", "action": "user_logged_in_successfully", "timestamp": "2025-12-02T13:32:44.218108+00:00", "details": {"email": "adonis.douramanis@gmail.com"}}
{"user_id": "ngDiP2lBsRNoEfSC9Mez4TTPJM53", "group": "system", "action": "login", "timestamp": "2025-12-02T13:32:44.463373+00:00", "details": {"user_id": "ngDiP2lBsRNoEfSC9Mez4TTPJM53", "user_email": "adonis.douramanis@gmail.com", "user_username": "adonis.douramanis@gmail.com", "group": "system", "action": "login", "timestamp": "2025-12-02T13:32:44.463349+00:00", "ip_address": "127.0.0.1", "details": {"email": "adonis.douramanis@gmail.com", "username": "adonis.douramanis@gmail.com", "is_admin": true, "groups_count": 1}, "description": "Σύνδεση χρήστη"}}
{"user_id": "ngDiP2lBsRNoEfSC9Mez4TTPJM53", "group": "system", "action": "user_logged_in", "timestamp": "2025-12-02T13:32:44.502541+00:00", "details": {"email": "adonis.douramanis@gmail.com"}}
{"user_id": "ngDiP2lBsRNoEfSC9Mez4TTPJM53", "group": "system", "action": "user_logged_in_successfully", "timestamp": "2025-12-03T13:21:15.019308+00:00", "details": {"email": "adonis.douramanis@gmail.com"}}
{"user_id": "ngDiP2lBsRNoEfSC9Mez4TTPJM53", "group": "system", "action": "login", "timestamp": "2025-12-03T13:21:15.065289+00:00", "details": {"user_id": "ngDiP2lBsRNoEfSC9Mez4TTPJM53", "user_email": "adonis.douramanis@gmail.com", "user_username": "adonis.douramanis@gmail.com", "group": "system", "action": "login", "timestamp": "2025-12-03T13:21:15.065264+00:00", "ip_address": "127.0.0.1", "details": {"email": "adonis.douramanis@gmail.com", "username": "adonis.douramanis@gmail.com", "is_admin": true, "groups_count": 1}, "description": "Σύνδεση χρήστη"}}
{"user_id": "ngDiP2lBsRNoEfSC9Mez4TTPJM53", "group": "system", "action": "user_logged_in", "timestamp": "2025-12-03T13:21:15.091655+00:00", "details": {"email": "adonis.douramanis@gmail.com"}}
{"user_id": "t04dm47o8eQwopvBmQV9Jd1dtDt2", "group": "system", "action": "user_logged_in_successfully", "timestamp": "2025-12-03T14:11:09.433735+00:00", "details": {"email": "douradonis@hotmail.com"}}
{"user_id": "t04dm47o8eQwopvBmQV9Jd1dtDt2", "group": "system", "action": "login", "timestamp": "2025-12-03T14:11:09.665714+00:00", "details": {"user_id": "t04dm47o8eQwopvBmQV9Jd1dtDt2", "user_email": "douradonis@hotmail.com", "user_username": "douradonis@hotmail.com", "group": "system", "action": "login", "timestamp": "2025-12-03T14:11:09.665684+00:00", "ip_address": "127.0.0.1", "details": {"email": "douradonis@hotmail.com", "username": "douradonis@hotmail.com", "is_admin": false, "groups_count": 3}, "description": "Σύνδεση χρήστη"}}
{"user_id": "t04dm47o8eQwopvBmQV9Jd1dtDt2", "group": "system", "action": "user_logged_in", "timestamp": "2025-12-03T14:11:09.704521+00:00", "details": {"email": "douradonis@hotmail.com"}}
{"user_id": "ngDiP2lBsRNoEfSC9Mez4TTPJM53", "group": "system", "action": "user_logged_in_successfully", "timestamp": "2025-12-03T14:12:33.801551+00:00", "details": {"email": "adonis.douramanis@gmail.com"}}
{"user_id": "ngDiP2lBsRNoEfSC9Mez4TTPJM53", "group": "system", "action": "login", "timestamp": "2025-12-03T14:12:33.841454+00:00", "details": {"user_id": "ngDiP2lBsRNoEfSC9Mez4TTPJM53", "user_email": "adonis.douramanis@gmail.com", "user_username": "adonis.douramanis@gmail.com", "group": "system", "action": "login", "timestamp": "2025-12-03T14:12:33.841425+00:00", "ip_address": "127.0.0.1", "details": {"email": "adonis.douramanis@gmail.com", "username": "adonis.douramanis@gmail.com", "is_admin": true, "groups_count": 1}, "description": "Σύνδεση χρήστη"}}
{"user_id": "ngDiP2lBsRNoEfSC9Mez4TTPJM53", "group": "system", "action": "user_logged_in", "timestamp": "2025-12-03T14:12:33.879106+00:00", "details": {"email": "adonis.douramanis@gmail.com"}}
{"user_id": "ngDiP2lBsRNoEfSC9Mez4TTPJM53", "group": "system", "action": "user_logged_in_successfully", "timestamp": "2025-12-03T19:47:33.243867+00:00", "details": {"email": "adonis.douramanis@gmail.com"}}
{"user_id": "ngDiP2lBsRNoEfSC9Mez4TTPJM53", "group": "system", "action": "login", "timestamp": "2025-12-03T19:47:33.791368+00:00", "details": {"user_id": "ngDiP2lBsRNoEfSC9Mez4TTPJM53", "user_email": "adonis.douramanis@gmail.com", "user_username": "adonis.douramanis@gmail.com", "group": "system", "action": "login", "timestamp": "2025-12-03T19:47:33.791368+00:00", "ip_address": "127.0.0.1", "details": {"email": "adonis.douramanis@gmail.com", "username": "adonis.douramanis@gmail.com", "is_admin": true, "groups_count": 1}, "description": "Σύνδεση χρήστη"}}
{"user_id": "ngDiP2lBsRNoEfSC9Mez4TTPJM53", "group": "system", "action": "user_logged_in", "timestamp": "2025-12-03T19:47:34.009868+00:00", "details": {"email": "adonis.douramanis@gmail.com"}}
{"user_id": "ngDiP2lBsRNoEfSC9Mez4TTPJM53", "group": "system", "action": "user_logged_in_successfully", "timestamp": "2025-12-03T20:12:08.980855+00:00", "details": {"email": "adonis.douramanis@gmail.com"}}
{"user_id": "t04dm47o8eQwopvBmQV9Jd1dtDt2", "group": "system", "action": "user_logged_in_successfully", "timestamp": "2025-12-03T20:12:12.483357+00:00", "details": {"email": "douradonis@hotmail.com"}}
{"user_id": "t04dm47o8eQwopvBmQV9Jd1dtDt2", "group": "system", "action": "login", "timestamp": "2025-12-03T20:12:13.097857+00:00", "details": {"user_id": "t04dm47o8eQwopvBmQV9Jd1dtDt2", "user_email": "douradonis@hotmail.com", "user_username": "douradonis@hotmail.com", "group": "system", "action": "login", "timestamp": "2025-12-03T20:12:13.097857+00:00", "ip_address": "127.0.0.1", "details": {"email": "douradonis@hotmail.com", "username": "douradonis@hotmail.com", "is_admin": false, "groups_count": 3}, "description": "Σύνδεση χρήστη"}}
{"user_id": "t04dm47o8eQwopvBmQV9Jd1dtDt2", "group": "system", "action": "user_logged_in", "timestamp": "2025-12-03T20:12:13.241858+00:00", "details": {"email": "douradonis@hotmail.com"}}
{"user_id": "t04dm47o8eQwopvBmQV9Jd1dtDt2", "group": "system", "action": "user_logged_in_successfully", "timestamp": "2025-12-03T20:49:19.862850+00:00", "details": {"email": "douradonis@hotmail.com"}}
{"user_id": "t04dm47o8eQwopvBmQV9Jd1dtDt2", "group": "system", "action": "user_logged_in_successfully", "timestamp": "2025-12-03T20:54:19.172049+00:00", "details": {"email": "douradonis@hotmail.com"}}
{"user_id": "t04dm47o8eQwopvBmQV9Jd1dtDt2", "group": "system", "action": "login", "timestamp": "2025-12-03T20:54:20.056050+00:00", "details": {"user_id": "t04dm47o8eQwopvBmQV9Jd1dtDt2", "user_email": "douradonis@hotmail.com", "user_username": "douradonis@hotmail.com", "group": "system", "action": "login", "timestamp": "2025-12-03T20:54:20.056050+00:00", "ip_address": "127.0.0.1", "details": {"email": "douradonis@hotmail.com", "username": "douradonis@hotmail.com", "is_admin": false, "groups_count": 3}, "description": "Σύνδεση χρήστη"}}
{"user_id": "t04dm47o8eQwopvBmQV9Jd1dtDt2", "group": "system", "action": "user_logged_in", "timestamp": "2025-12-03T20:54:20.257550+00:00", "details": {"email": "douradonis@hotmail.com"}}
{"user_id": "ngDiP2lBsRNoEfSC9Mez4TTPJM53", "group": "system", "action": "user_logged_in_successfully", "timestamp": "2025-12-04T10:30:21.295464+00:00", "details": {"email": "adonis.douramanis@gmail.com"}}
{"user_id": "ngDiP2lBsRNoEfSC9Mez4TTPJM53", "group": "system", "action": "login", "timestamp": "2025-12-04T10:30:22.250263+00:00", "details": {"user_id": "ngDiP2lBsRNoEfSC9Mez4TTPJM53", "user_email": "adonis.douramanis@gmail.com", "user_username": "adonis.douramanis@gmail.com", "group": "system", "action": "login", "timestamp": "2025-12-04T10:30:22.250237+00:00", "ip_address": "127.0.0.1", "details": {"email": "adonis.douramanis@gmail.com", "username": "adonis.douramanis@gmail.com", "is_admin": true, "groups_count": 1}, "description": "Σύνδεση χρήστη"}}
{"user_id": "ngDiP2lBsRNoEfSC9Mez4TTPJM53", "group": "system", "action": "user_logged_in", "timestamp": "2025-12-04T10:30:22.298735+00:00", "details": {"email": "adonis.douramanis@gmail.com"}}
{"user_id": "t04dm47o8eQwopvBmQV9Jd1dtDt2", "group": "system", "action": "user_logged_in_successfully", "timestamp": "2025-12-04T10:31:23.094396+00:00", "details": {"email": "douradonis@hotmail.com"}}
{"user_id": "t04dm47o8eQwopvBmQV9Jd1dtDt2", "group": "system", "action": "login", "timestamp": "2025-12-04T10:31:23.421989+00:00", "details": {"user_id": "t04dm47o8eQwopvBmQV9Jd1dtDt2", "user_email": "douradonis@hotmail.com", "user_username": "douradonis@hotmail.com", "group": "system", "action": "login", "timestamp": "2025-12-04T10:31:23.421961+00:00", "ip_address": "127.0.0.1", "details": {"email": "douradonis@hotmail.com", "username": "douradonis@hotmail.com", "is_admin": false, "groups_count": 3}, "description": "Σύνδεση χρήστη"}}
{"user_id": "t04dm47o8eQwopvBmQV9Jd1dtDt2", "group": "system", "action": "user_logged_in", "timestamp": "2025-12-04T10:31:23.455958+00:00", "details": {"email": "douradonis@hotmail.com"}}
{"user_id": "ngDiP2lBsRNoEfSC9Mez4TTPJM53", "group": "system", "action": "user_logged_in_successfully", "timestamp": "2025-12-04T11:12:13.190042+00:00", "details": {"email": "adonis.douramanis@gmail.com"}}
{"user_id": "ngDiP2lBsRNoEfSC9Mez4TTPJM53", "group": "system", "action": "user_logged_in_successfully", "timestamp": "2025-12-04T11:12:41.101687+00:00", "details": {"email": "adonis.douramanis@gmail.com"}}
{"user_id": "ngDiP2lBsRNoEfSC9Mez4TTPJM53", "group": "system", "action": "user_logged_in_successfully", "timestamp": "2025-12-04T11:15:09.032743+00:00", "details": {"email": "adonis.douramanis@gmail.com"}}
{"user_id": "t04dm47o8eQwopvBmQV9Jd1dtDt2", "group": "system", "action": "user_logged_in_successfully", "timestamp": "2025-12-04T11:16:40.173623+00:00", "details": {"email": "douradonis@hotmail.com"}}
{"user_id": "ngDiP2lBsRNoEfSC9Mez4TTPJM53", "group": "system", "action": "user_logged_in_successfully", "timestamp": "2025-12-04T11:17:41.850062+00:00", "details": {"email": "adonis.douramanis@gmail.com"}}
{"user_id": "ngDiP2lBsRNoEfSC9Mez4TTPJM53", "group": "system", "action": "login", "timestamp": "2025-12-04T11:17:41.909915+00:00", "details": {"user_id": "ngDiP2lBsRNoEfSC9Mez4TTPJM53", "user_email": "adonis.douramanis@gmail.com", "user_username": "adonis.douramanis@gmail.com", "group": "system", "action": "login", "timestamp": "2025-12-04T11:17:41.909881+00:00", "ip_address": "127.0.0.1", "details": {"email": "adonis.douramanis@gmail.com", "username": "adonis.douramanis@gmail.com", "is_admin": true, "groups_count": 1}, "description": "Σύνδεση χρήστη"}}
{"user_id": "ngDiP2lBsRNoEfSC9Mez4TTPJM53", "group": "system", "action": "user_logged_in", "timestamp": "2025-12-04T11:17:41.947760+00:00", "details": {"email": "adonis.douramanis@gmail.com"}}
{"user_id": "t04dm47o8eQwopvBmQV9Jd1dtDt2", "group": "system", "action": "user_logged_in_successfully", "timestamp": "2025-12-04T11:18:00.496607+00:00", "details": {"email": "douradonis@hotmail.com"}}
{"user_id": "t04dm47o8eQwopvBmQV9Jd1dtDt2", "group": "system", "action": "login", "timestamp": "2025-12-04T11:18:00.699841+00:00", "details": {"user_id": "t04dm47o8eQwopvBmQV9Jd1dtDt2", "user_email": "douradonis@hotmail.com", "user_username": "douradonis@hotmail.com", "group": "system", "action": "login", "timestamp": "2025-12-04T11:18:00.699814+00:00", "ip_address": "127.0.0.1", "details": {"email": "douradonis@hotmail.com", "username": "douradonis@hotmail.com", "is_admin": false, "groups_count": 3}, "description": "Σύνδεση χρήστη"}}
{"user_id": "t04dm47o8eQwopvBmQV9Jd1dtDt2", "group": "system", "action": "user_logged_in", "timestamp": "2025-12-04T11:18:00.738089+00:00", "details": {"email": "douradonis@hotmail.com"}}
{"user_id": "ngDiP2lBsRNoEfSC9Mez4TTPJM53", "group": "system", "action": "user_logged_in_successfully", "timestamp": "2025-12-04T11:49:50.202559+00:00", "details": {"email": "adonis.douramanis@gmail.com"}}
{"user_id": "ngDiP2lBsRNoEfSC9Mez4TTPJM53", "group": "system", "action": "user_logged_in_successfully", "timestamp": "2025-12-04T11:50:17.278775+00:00", "details": {"email": "adonis.douramanis@gmail.com"}}
{"user_id": "ngDiP2lBsRNoEfSC9Mez4TTPJM53", "group": "system", "action": "user_logged_in_successfully", "timestamp": "2025-12-04T11:50:42.571023+00:00", "details": {"email": "adonis.douramanis@gmail.com"}}
{"user_id": "ngDiP2lBsRNoEfSC9Mez4TTPJM53", "group": "system", "action": "user_logged_in_successfully", "timestamp": "2025-12-04T11:51:11.975963+00:00", "details": {"email": "adonis.douramanis@gmail.com"}}
{"user_id": "ngDiP2lBsRNoEfSC9Mez4TTPJM53", "group": "system", "action": "login", "timestamp": "2025-12-04T11:51:12.019186+00:00", "details": {"user_id": "ngDiP2lBsRNoEfSC9Mez4TTPJM53", "user_email": "adonis.douramanis@gmail.com", "user_username": "adonis.douramanis@gmail.com", "group": "system", "action": "login", "timestamp": "2025-12-04T11:51:12.019162+00:00", "ip_address": "127.0.0.1", "details": {"email": "adonis.douramanis@gmail.com", "username": "adonis.douramanis@gmail.com", "is_admin": true, "groups_count": 1}, "description": "Σύνδεση χρήστη"}}
{"user_id": "ngDiP2lBsRNoEfSC9Mez4TTPJM53", "group": "system", "action": "user_logged_in", "timestamp": "2025-12-04T11:51:12.053874+00:00", "details": {"email": "adonis.douramanis@gmail.com"}}
{"user_id": "t04dm47o8eQwopvBmQV9Jd1dtDt2", "group": "system", "action": "user_logged_in_successfully", "timestamp": "2025-12-04T11:51:22.231966+00:00", "details": {"email": "douradonis@hotmail.com"}}
{"user_id": "t04dm47o8eQwopvBmQV9Jd1dtDt2", "group": "system", "action": "login", "timestamp": "2025-12-04T11:51:22.476114+00:00", "details": {"user_id": "t04dm47o8eQwopvBmQV9Jd1dtDt2", "user_email": "douradonis@hotmail.com", "user_username": "douradonis@hotmail.com", "group": "system", "action": "login", "timestamp": "2025-12-04T11:51:22.476088+00:00", "ip_address": "127.0.0.1", "details": {"email": "douradonis@hotmail.com", "username": "douradonis@hotmail.com", "is_admin": false, "groups_count": 3}, "description": "Σύνδεση χρήστη"}}
{"user_id": "t04dm47o8eQwopvBmQV9Jd1dtDt2", "group": "system", "action": "user_logged_in", "timestamp": "2025-12-04T11:51:22.512780+00:00", "details": {"email": "douradonis@hotmail.com"}}
{"user_id": "ngDiP2lBsRNoEfSC9Mez4TTPJM53", "group": "system", "action": "user_logged_in_successfully", "timestamp": "2025-12-05T11:06:23.524557+00:00", "details": {"email": "adonis.douramanis@gmail.com"}}
{"user_id": "ngDiP2lBsRNoEfSC9Mez4TTPJM53", "group": "system", "action": "login", "timestamp": "2025-12-05T11:06:23.640362+00:00", "details": {"user_id": "ngDiP2lBsRNoEfSC9Mez4TTPJM53", "user_email": "adonis.douramanis@gmail.com", "user_username": "adonis.douramanis@gmail.com", "group": "system", "action": "login", "timestamp": "2025-12-05T11:06:23.640314+00:00", "ip_address": "127.0.0.1", "details": {"email": "adonis.douramanis@gmail.com", "username": "adonis.douramanis@gmail.com", "is_admin": true, "groups_count": 1}, "description": "Σύνδεση χρήστη"}}
{"user_id": "ngDiP2lBsRNoEfSC9Mez4TTPJM53", "group": "system", "action": "user_logged_in", "timestamp": "2025-12-05T11:06:23.677214+00:00", "details": {"email": "adonis.douramanis@gmail.com"}}
{"user_id": "ngDiP2lBsRNoEfSC9Mez4TTPJM53", "group": "system", "action": "user_logged_in_successfully", "timestamp": "2025-12-05T14:16:22.787110+00:00", "details": {"email": "adonis.douramanis@gmail.com"}}
{"user_id": "ngDiP2lBsRNoEfSC9Mez4TTPJM53", "group": "system", "action": "login", "timestamp": "2025-12-05T14:16:22.865610+00:00", "details": {"user_id": "ngDiP2lBsRNoEfSC9Mez4TTPJM53", "user_email": "adonis.douramanis@gmail.com", "user_username": "adonis.douramanis@gmail.com", "group": "system", "action": "login", "timestamp": "2025-12-05T14:16:22.865586+00:00", "ip_address": "127.0.0.1", "details": {"email": "adonis.douramanis@gmail.com", "username": "adonis.douramanis@gmail.com", "is_admin": true, "groups_count": 1}, "description": "Σύνδεση χρήστη"}}
{"user_id": "ngDiP2lBsRNoEfSC9Mez4TTPJM53", "group": "system", "action": "user_logged_in", "timestamp": "2025-12-05T14:16:22.901257+00:00", "details": {"email": "adonis.douramanis@gmail.com"}}
{"user_id": "ngDiP2lBsRNoEfSC9Mez4TTPJM53", "group": "system", "action": "user_logged_in_successfully", "timestamp": "2025-12-07T20:59:20.829599+00:00", "details": {"email": "adonis.douramanis@gmail.com"}}
{"user_id": "ngDiP2lBsRNoEfSC9Mez4TTPJM53", "group": "system", "action": "login", "timestamp": "2025-12-07T20:59:20.874046+00:00", "details": {"user_id": "ngDiP2lBsRNoEfSC9Mez4TTPJM53", "user_email": "adonis.douramanis@gmail.com", "user_username": "adonis.douramanis@gmail.com", "group": "system", "action": "login", "timestamp": "2025-12-07T20:59:20.874022+00:00", "ip_address": "127.0.0.1", "details": {"email": "adonis.douramanis@gmail.com", "username": "adonis.douramanis@gmail.com", "is_admin": true, "groups_count": 1}, "description": "Σύνδεση χρήστη"}}
{"user_id": "ngDiP2lBsRNoEfSC9Mez4TTPJM53", "group": "system", "action": "user_logged_in", "timestamp": "2025-12-07T20:59:20.913209+00:00", "details": {"email": "adonis.douramanis@gmail.com"}}
{"user_id": "ngDiP2lBsRNoEfSC9Mez4TTPJM53", "group": "system", "action": "user_logged_in_successfully", "timestamp": "2025-12-09T10:18:14.233629+00:00", "details": {"email": "adonis.douramanis@gmail.com"}}
{"user_id": "ngDiP2lBsRNoEfSC9Mez4TTPJM53", "group": "system", "action": "login", "timestamp": "2025-12-09T10:18:14.302364+00:00", "details": {"user_id": "ngDiP2lBsRNoEfSC9Mez4TTPJM53", "user_email": "adonis.douramanis@gmail.com", "user_username": "adonis.douramanis@gmail.com", "group": "system", "action": "login", "timestamp": "2025-12-09T10:18:14.302338+00:00", "ip_address": "127.0.0.1", "details": {"email": "adonis.douramanis@gmail.com", "username": "adonis.douramanis@gmail.com", "is_admin": true, "groups_count": 1}, "description": "Σύνδεση χρήστη"}}
{"user_id": "ngDiP2lBsRNoEfSC9Mez4TTPJM53", "group": "system", "action": "user_logged_in", "timestamp": "2025-12-09T10:18:14.341843+00:00", "details": {"email": "adonis.douramanis@gmail.com"}}
{"user_id": "ngDiP2lBsRNoEfSC9Mez4TTPJM53", "group": "system", "action": "user_logged_in_successfully", "timestamp": "2025-12-09T10:29:31.771608+00:00", "details": {"email": "adonis.douramanis@gmail.com"}}
{"user_id": "t04dm47o8eQwopvBmQV9Jd1dtDt2", "group": "system", "action": "user_logged_in_successfully", "timestamp": "2025-12-09T10:29:37.167136+00:00", "details": {"email": "douradonis@hotmail.com"}}
{"user_id": "t04dm47o8eQwopvBmQV9Jd1dtDt2", "group": "system", "action": "login", "timestamp": "2025-12-09T10:29:37.424626+00:00", "details": {"user_id": "t04dm47o8eQwopvBmQV9Jd1dtDt2", "user_email": "douradonis@hotmail.com", "user_username": "douradonis@hotmail.com", "group": "system", "action": "login", "timestamp": "2025-12-09T10:29:37.424601+00:00", "ip_address": "127.0.0.1", "details": {"email": "douradonis@hotmail.com", "username": "douradonis@hotmail.com", "is_admin": false, "groups_count": 3}, "description": "Σύνδεση χρήστη"}}
{"user_id": "t04dm47o8eQwopvBmQV9Jd1dtDt2", "group": "system", "action": "user_logged_in", "timestamp": "2025-12-09T10:29:37.458517+00:00", "details": {"email": "douradonis@hotmail.com"}}
